Field,ID,Type (类型),default,en-us,cs,de,es,fr,it,ja,ko,pl,pt-br,ru,tr,zh-hans,zh-hant
Description,2,文本,,"Turn stock-market indicators into ready-to-post vertical animated videos.

Market Motion Studio turns stock-market data into 9:16 vertical animations, built for vertical platforms like TikTok, Shorts and Reels: pick a market and a symbol, the app fetches the data, animates it, and exports an H.264 MP4 ready to post.

Sixteen chart pages:
• Market turnover — a historical reel of whole-market daily turnover (A-share)
• Volume & turnover rate — a single stock's price and volume together (A-share/Hong Kong)
• Sector race — sector indices racing up and down
• Return matrix — a heat matrix of monthly index returns
• Up/Down calendar — every trading day of the year at a glance
• DCA plan — simulated weekly/monthly dollar-cost-averaging return curve
• Position replay — buy once, hold to today: market value and drawdown replayed day by day
• Candles — one instrument's daily/weekly/monthly candles, four ways, with moving averages and a volume panel
• Market cap race — one market's fifteen largest companies racing on total market value
• AH premium — one company's two listings, priced against each other month by month
• Extreme days — One instrument, and the days it moved the most — horizontal bars ranked by size
• Currency corridors — One row per pair, and the row is the corridor itself: one end is the cheapest the pair has been in the chosen span, the other the dearest, and the marker is where the rate is now
• Index race — One row per index, and the row is how far that index has come since its own first month in the range — not its level
• Asset classes — One row per asset class, and the row is what holding it earned — not its quote
• Drawdowns — A row is how far below its own high a holding sits — not what it earned, but what it cost to earn it
• Hold odds — A row is the share of finished entries that gained — of all the months a holder could have bought in and held for the same length of time, the share that ended up ahead

Three markets: China A-share, Hong Kong, and US. The interface ships in 14 languages.

Data shown comes from a public quote service, for illustration and reference only; not investment advice.","Převeďte tržní ukazatele na svislá animovaná videa připravená k publikování.

Market Motion Studio mění burzovní data na svislé animace 9:16, určené pro vertikální platformy jako TikTok, Shorts a Reels: vyberte trh a symbol, aplikace stáhne data, zanimuje je a exportuje MP4 H.264 připravené k publikování.

Šestnáct stránek s grafy:
• Obrat trhu — historický svitek denních obratů celého trhu (Čína A)
• Objem a obrat — cena a objem jedné akcie společně (Čína A/Hongkong)
• Závod sektorů — odvětvové indexy závodící nahoru a dolů
• Matice výnosů — teplotní matice měsíčních výnosů hlavních indexů
• Kalendář zisků a ztrát — každý obchodní den roku na první pohled
• DCA plán — simulovaná křivka výnosu týdenního/měsíčního pravidelného nakupování
• Výnos pozice — koupeno jednou, drženo do dneška: hodnota a pokles přehrávané den za dnem
• Svíčky — jeden nástroj denně, týdně nebo měsíčně, čtyři způsoby, s průměry a panelem objemu
• Závod tržních kapitalizací — patnáct největších společností trhu v závodě
• Prémie A/H — dvě kotace jedné společnosti, srovnávané měsíc po měsíci
• Extrémní dny — Jeden nástroj a dny, kdy se pohnul nejvíce — vodorovné pruhy seřazené podle velikosti
• Měnové koridory — Jeden řádek na pár a ten řádek je sám koridor: jeden konec je nejnižší úroveň, na které pár ve zvoleném období byl, druhý nejvyšší, a značka je dnešní kurz
• Závod indexů — Jeden řádek na index a řádek je jak daleko se ten index dostal od svého prvního měsíce v rozmezí — ne jeho úroveň
• Třídy aktiv — Jeden řádek na třídu aktiv a řádek je co držení vyneslo — ne kotace
• Poklesy — Řádek je jak hluboko pod vlastním maximem se nástroj nachází — ne kolik vydělal, ale co stálo to vydělat
• Úspěšnost — Řádek je podíl uzavřených vstupů, které vydělaly — ze všech měsíců, v nichž se dalo vstoupit a držet stejně dlouho, ta část, která skončila v plusu

Tři trhy: Čína A, Hongkong a USA. Rozhraní je ve 14 jazycích.

Zobrazená data pocházejí z veřejné služby kotací, pouze pro ilustraci a referenci; nejde o investiční poradenství.","Verwandeln Sie Marktindikatoren in direkt veröffentlichbare vertikale Animationsvideos.

Market Motion Studio macht aus Börsendaten 9:16-Animationen im Hochformat – gebaut für vertikale Plattformen wie TikTok, Shorts und Reels: Markt und Symbol wählen, die App ruft die Kurse ab, animiert sie und exportiert eine H.264-MP4, bereit zum Posten.

Sechzehn Diagrammseiten:
• Marktumsatz – ein historischer Reel des täglichen Gesamtmarktumsatzes (China A-Aktien)
• Volumen und Umschlag – Kurs und Volumen einer Aktie zusammen (China A/Hongkong)
• Sektor-Rennen – Branchenindizes im Auf und Ab im Rennen
• Renditematrix – eine Heatmatrix der Monatsrenditen wichtiger Indizes
• Gewinn-Verlust-Kalender – jeder Handelstag des Jahres auf einen Blick
• Sparplan – simulierte Renditekurve für wöchentliches/monatliches Sparen
• Depotrendite – einmal gekauft, bis heute gehalten: Marktwert und Drawdown Tag für Tag
• Kerzen — ein Instrument täglich, wöchentlich oder monatlich, in vier Darstellungen, mit Durchschnitten und Volumenpanel
• Marktkapitalisierungs-Rennen – die fünfzehn größten Unternehmen eines Marktes im Rennen nach Marktwert
• A/H-Prämie – die beiden Notierungen eines Unternehmens, Monat für Monat gegeneinander
• Extreme Tage – Ein Instrument und die Tage, an denen es sich am stärksten bewegt hat — waagrechte Balken, nach Größe gereiht
• Währungskorridore – Eine Zeile je Paar, und die Zeile ist der Korridor selbst: ein Ende ist der billigste Stand, den das Paar in der gewählten Spanne hatte, das andere der teuerste, und die Markierung ist der Kurs von heute
• Index-Rennen – Eine Zeile je Index, und die Zeile ist wie weit dieser Index seit seinem eigenen ersten Monat im Zeitraum gekommen ist — nicht sein Niveau
• Anlageklassen – Eine Zeile pro Anlageklasse, und die Zeile ist was das Halten eingebracht hat — nicht die Notierung
• Rücksetzer – Eine Zeile ist, wie weit unter dem eigenen Hoch eine Anlage steht — nicht was sie verdient hat, sondern was es gekostet hat, es zu verdienen
• Haltequote – Eine Zeile ist der Anteil der beendeten Einstiege, die gewonnen haben — von allen Monaten, in denen man hätte einsteigen und gleich lang halten können, der Anteil, der am Ende im Plus lag

Drei Märkte: China A-Aktien, Hongkong und USA. Die Oberfläche gibt es in 14 Sprachen.

Die angezeigten Daten stammen von einem öffentlichen Kursdienst – nur zur Veranschaulichung und als Referenz; keine Anlageberatung.","Convierta los indicadores de mercado en vídeos animados verticales listos para publicar.

Market Motion Studio convierte los datos bursátiles en animaciones verticales 9:16, diseñado para plataformas verticales como TikTok, Shorts y Reels: elija un mercado y un símbolo, la app obtiene los datos, los anima y exporta un MP4 H.264 listo para publicar.

Dieciséis páginas de gráficos:
• Volumen negociado del mercado — un carrete histórico del volumen diario de todo el mercado (China A)
• Volumen y rotación — el precio y el volumen de una acción juntos (China A/Hong Kong)
• Carrera de sectores — los índices sectoriales subiendo y bajando en carrera
• Matriz de rentabilidad — una matriz de calor de las rentabilidades mensuales de los índices principales
• Calendario de subidas y bajadas — cada día de bolsa del año de un vistazo
• Plan DCA — curva de rentabilidad simulada de un plan de compra semanal/mensual
• Rentabilidad de cartera — comprado una vez, mantenido hasta hoy: valor y caída máxima reproducidos día a día
• Velas — un instrumento en diario, semanal o mensual, con cuatro trazados, medias móviles y panel de volumen
• Carrera de capitalización — las quince mayores compañías de un mercado en carrera
• Prima A/H — las dos cotizaciones de una compañía, comparadas mes a mes
• Días extremos — Un instrumento y los días en que más se movió — barras horizontales ordenadas por magnitud
• Corredores de divisas — Una fila por par, y la fila es el corredor mismo: un extremo es el nivel más bajo que el par ha tenido en el periodo elegido, el otro el más alto, y la marca es la cotización de hoy
• Carrera de índices — Una fila por índice, y la fila es cuánto ha avanzado ese índice desde su propio primer mes en el periodo — no su nivel
• Clases de activos — Una fila por clase de activo, y la fila es lo que ganó mantenerlo — no su cotización
• Caídas — Una fila es cuánto por debajo de su propio máximo está una inversión — no lo que ganó, sino lo que costó ganarlo
• Tasa de acierto — Una fila es la proporción de entradas terminadas que ganaron — de todos los meses en que se pudo entrar y mantener el mismo tiempo, la parte que acabó en ganancia

Tres mercados: China A, Hong Kong y EE. UU. La interfaz está disponible en 14 idiomas.

Los datos mostrados provienen de un servicio público de cotizaciones, solo con fines ilustrativos y de referencia; no es asesoramiento de inversión.","Transformez les indicateurs de marché en vidéos animées verticales, prêtes à publier.

Market Motion Studio transforme les données boursières en animations 9:16 verticales, conçu pour les plateformes verticales comme TikTok, Shorts et Reels : choisissez un marché et un symbole, l'application récupère les cours, les anime et exporte un MP4 H.264 prêt à publier.

Seize pages de graphiques :
• Volume d'échanges du marché — un long format historique du volume quotidien de tout le marché (Chine A)
• Volume et rotation — le prix et le volume d'une action ensemble (Chine A/Hong Kong)
• Course de secteurs — les indices sectoriels qui montent et descendent en course
• Matrice des rendements — une matrice de chaleur des rendements mensuels des principaux indices
• Calendrier des hausses et baisses — chaque jour de bourse de l'année en un coup d'œil
• Plan DCA — courbe de rendement simulée d'un plan d'achat hebdomadaire/mensuel
• Rendement de position — acheté une fois, conservé jusqu'à aujourd'hui : valeur et drawdown rejoués jour après jour
• Chandeliers — un instrument en quotidien, hebdomadaire ou mensuel, quatre tracés, avec moyennes mobiles et panneau de volume
• Course des capitalisations — les quinze plus grandes sociétés d'un marché en course
• Prime A/H — les deux cotations d'une société, comparées mois après mois
• Jours extrêmes — Un instrument, et les jours où il a le plus bougé — des barres horizontales classées par ampleur
• Couloirs de devises — Une ligne par paire, et la ligne est le couloir lui-même : une extrémité est le niveau le plus bas que la paire a connu dans la période choisie, l'autre le plus haut, et le repère est le cours actuel
• Course des indices — Une ligne par indice, et la ligne est le chemin parcouru par cet indice depuis son propre premier mois dans la période — pas son niveau
• Classes d'actifs — Une ligne par classe d'actifs, et la ligne est ce que la détention a rapporté — pas le cours
• Reculs — Une ligne, c'est la distance entre une position et son propre sommet — pas ce qu'elle a rapporté, mais ce qu'il a fallu endurer pour le rapporter
• Taux de réussite — Une ligne, c'est la part des entrées terminées qui ont gagné — parmi tous les mois où l'on aurait pu entrer et garder la même durée, la part qui s'est terminée dans le vert

Trois marchés : Chine A, Hong Kong et États-Unis. L'interface existe en 14 langues.

Les données affichées proviennent d'un service de cotations public, à titre d'illustration et de référence ; ceci ne constitue pas un conseil en investissement.","Trasforma gli indicatori di mercato in video animati verticali pronti da pubblicare.

Market Motion Studio trasforma i dati di borsa in animazioni verticali 9:16, pensate per piattaforme verticali come TikTok, Shorts e Reels: scegli un mercato e un simbolo, l'app recupera i dati, li anima ed esporta un MP4 H.264 pronto da pubblicare.

Sedici pagine di grafici:
• Volume degli scambi di mercato — una lunga carrellata storica del volume giornaliero di tutto il mercato (Cina A)
• Volume e rotazione — prezzo e volume di una azione insieme (Cina A/Hong Kong)
• Corsa dei settori — gli indici settoriali che salgono e scendono in gara
• Matrice dei rendimenti — una matrice di calore dei rendimenti mensili dei principali indici
• Calendario rialzi/ribassi — ogni giorno di contrattazione dell'anno in un colpo d'occhio
• Piano DCA — curva di rendimento simulata di acquisti settimanali/mensili
• Rendimento della posizione — comprato una volta, tenuto fino a oggi: valore e drawdown riprodotti giorno per giorno
• Candele — uno strumento in giornaliero, settimanale o mensile, quattro tracciati, con medie mobili e pannello dei volumi
• Corsa delle capitalizzazioni — le quindici maggiori società di un mercato in gara
• Premio A/H — le due quotazioni di una società, confrontate mese per mese
• Giorni estremi — Uno strumento e i giorni in cui si è mosso di più — barre orizzontali ordinate per ampiezza
• Corridoi valutari — Una riga per coppia, e la riga è il corridoio stesso: un'estremità è il livello più basso che la coppia ha avuto nel periodo scelto, l'altra il più alto, e l'indicatore è il cambio di oggi
• Corsa degli indici — Una riga per indice, e la riga è quanto quell'indice ha percorso dal proprio primo mese nell'intervallo — non il suo livello
• Classi di attività — Una riga per classe di attività, e la riga è ciò che la detenzione ha reso — non la quotazione
• Ribassi — Una riga è quanto sotto il proprio massimo si trova uno strumento — non quanto ha guadagnato, ma cosa è costato guadagnarlo
• Tasso di riuscita — Una riga è la quota delle entrate concluse che hanno guadagnato — fra tutti i mesi in cui si sarebbe potuti entrare e mantenere per la stessa durata, la quota finita in guadagno

Tre mercati: Cina A, Hong Kong e Stati Uniti. L'interfaccia è disponibile in 14 lingue.

I dati mostrati provengono da un servizio pubblico di quotazioni, solo a scopo illustrativo e di riferimento; non sono consulenza finanziaria.","相場指標を、そのまま投稿できる縦型アニメーション動画に。

Market Motion Studio は株式市場データを 9:16 の縦型アニメーションに変換する、TikTok・ショート動画・リール向けの Windows アプリです。市場と銘柄を選ぶだけで、アプリが自動で相場データを取得し、アニメーションを生成、H.264 MP4 で書き出します。

16 つのチャートページ：
• 市場の売買代金 — 全市場の売買代金の歴史ロングリール（中国A株）
• 出来高と回転率 — 一眼でわかる銘柄の量価（中国A株/香港）
• 業界セクター競争 — セクター指数の騰落レース
• リターンマトリクス — 主要指数の月次リターンのヒートマトリクス
• 騰落カレンダー — 1 年間の全取引日をひと目で確認
• 積立投資 — 週次/月次の積立投資の累積リターン曲線をシミュレーション
• 保有収益 — 一度買って保有し続けた時価総額とドローダウンを日々再生
• ローソク足 — 1 銘柄の日足・週足・月足を4種類の描き方で。移動平均線と出来高パネル付き
• 時価総額レース — 1 つの市場の時価総額上位 15 社が総額で競う
• A/H プレミアム — 同一企業の A 株と H 株の価格差を月次で競走
• 極端な日 — 銘柄は一つ、その歴史で最も動いた日々——大きさ順に並べた横向きのバー
• 為替コリドー — 通貨ペアごとに1行、そしてその行自体がコリドーです：一方の端はそのペアが選んだ区間で最も安かった水準、もう一方は最も高かった水準、マーカーは現在のレートです
• 指数レース — 指数ごとに1行、行はその指数が区間内の自分の最初の月からどれだけ進んだかです
• 資産クラス — 資産クラスごとに1行
• ドローダウン — 行はその資産が自分の高値からどれだけ下にいるか——稼いだ額ではなく、それを稼ぐのに何が必要だったか
• 保有勝率 — 行は完了したエントリーのうち利益になった割合——区間内で買って同じ期間だけ保有できるすべての月のうち、最終的にプラスになったものの割合

中国A株・香港・米国の 3 市場に対応。インターフェースは 14 言語を内蔵。

表示されるデータは公開相場サービスに基づきます。デモおよび参考目的であり、投資助言ではありません。","시장 지표를 바로 게시할 수 있는 세로형 애니메이션 영상으로.

Market Motion Studio는 주식 시장 데이터를 9:16 세로형 애니메이션으로 바꿔주는 Windows 앱입니다. 틱톡, 쇼츠, 릴스 같은 세로형 플랫폼을 위해 설계되었으며, 시장과 종목만 선택하면 앱이 자동으로 시세를 가져오고 애니메이션을 만들어 H.264 MP4로 내보냅니다.

16가지 차트 페이지:
• 시장 거래대금 — 전체 시장 일별 거래대금의 히스토리 릴 (중국 A주식)
• 거래량과 회전율 — 종목의 가격과 거래량을 한 화면에 (중국 A주식/홍콩)
• 업종 경주 — 업종 지수의 등락 레이스
• 수익 매트릭스 — 주요 지수 월간 수익률 히트 매트릭스
• 등락 달력 — 1년의 모든 거래일을 한눈에
• 적립 투자 — 주간/월간 적립 투자의 누적 수익 곡선 시뮬레이션
• 보유 수익 — 한 번 사서 오늘까지: 시가총액과 낙폭을 하루씩 재생
• 캔들 — 하나의 종목을 일/주/월 단위로, 네 가지 방식으로. 이동평균선과 거래량 패널 포함
• 시가총액 레이스 — 한 시장의 시가총액 상위 15개 기업의 경주
• A/H 프리미엄 — 같은 기업의 A주와 H주 가격 차이를 월 단위로 경주
• 극단의 날 — 종목은 하나, 그리고 그 역사에서 가장 크게 움직인 날들 — 크기순으로 세운 가로 막대. 이 보드의 행은 회사가 아니라 '날'입니다. 이 앱에서 유일한 방식으로, 행의 값은 그날의 직전 거래일 종가 대비 움직임이며, 그날이 지나면 값은 다시는 바뀌지 않습니다
• 환율 코리도 — 통화쌍마다 한 줄, 그리고 그 줄 자체가 코리도입니다: 한쪽 끝은 그 쌍이 선택한 구간에서 가장 쌌던 수준, 다른 쪽은 가장 비쌌던 수준이고, 표식은 현재 환율입니다. 그래서 이 판은 다른 판과 다릅니다—다른 곳에서 막대의 길이는 '얼마나'지만, 여기서는 줄이 매 프레임 전체 너비이고 움직이는 것은 표식과 그 주위의 코리도입니다
• 지수 레이스 — 지수마다 한 줄, 줄은 그 지수가 구간 내 자기 첫 달부터 얼마나 왔는지입니다. 수준이 아닙니다. 상하이종합의 3,800과 S&P 500의 5,700은 같은 자 위의 점이 아닙니다. 수준을 그리면 어느 지수가 높은 곳에서 세기 시작했는지를 겨루는 판이 됩니다
• 자산군 — 자산군마다 한 행이며, 행은 보유해서 오늘까지 벌어들인 것입니다. 시세가 아닙니다. 여덟 개 모두 본토 거래소에 상장된 펀드이고 사는 돈이 같은 돈이므로 직접 비교할 수 있습니다
• 낙폭 — 행은 그 자산이 자기 고점에서 얼마나 아래 있는지—얼마를 벌었는가가 아니라, 그것을 버는 데 무엇을 견뎠는가. 자산군 경주와 같은 여덟 자산을 서로가 아니라 각자의 고점에 견주어 측정한다
• 보유 승률 — 행은 이익으로 끝난 완료 진입의 비율—구간 안에서 사서 같은 기간 보유할 수 있었던 모든 달 중, 결국 플러스가 된 것의 비율. 자산군·낙폭 보드와 같은 여덟 자산을, 얼마를 벌었는지가 아니라 보유가 얼마나 자주 통했는지로 평가한다

중국 A주식, 홍콩, 미국 3개 시장 지원. 인터페이스는 14개 언어 내장.

표시되는 데이터는 공개 시세 서비스에서 제공되며, 시연 및 참고용일 뿐 투자 조언이 아닙니다.","Zamień wskaźniki rynkowe w pionowe filmy animowane gotowe do publikacji.

Market Motion Studio zamienia dane giełdowe w pionowe animacje 9:16, stworzone dla pionowych platform jak TikTok, Shorts i Reels: wybierz rynek i symbol, aplikacja pobierze dane, zanimuje je i wyeksportuje plik MP4 H.264 gotowy do publikacji.

Szesnaście stron wykresów:
• Obroty rynku — historyczna zwijanka dziennych obrotów całego rynku (Chiny A)
• Wolumen i obrót — cena i wolumen jednej akcji razem (Chiny A/Hongkong)
• Wyścig sektorów — indeksy branżowe w wyścigu w górę i w dół
• Macierz stóp zwrotu — mapa ciepła miesięcznych stóp zwrotu głównych indeksów
• Kalendarz zysków i strat — każdy dzień sesji w roku na pierwszy rzut oka
• Plan DCA — symulowana krzywa zwrotu z cotygodniowych/miesięcznych zakupów
• Zwrot z pozycji — kupione raz, trzymane do dziś: wartość i obsunięcie odtwarzane dzień po dniu
• Świece — jeden instrument w ujęciu dziennym, tygodniowym lub miesięcznym, cztery sposoby, ze średnimi i panelem wolumenu
• Wyścig kapitalizacji — piętnaście największych spółek rynku w wyścigu
• Premia A/H — dwa notowania jednej spółki, porównywane miesiąc po miesiącu
• Ekstremalne dni — Jeden instrument i dni, w których poruszył się najmocniej — poziome słupki uporządkowane według wielkości
• Korytarze walutowe — Jeden wiersz na parę, i ten wiersz jest korytarzem: jeden koniec to najniższy poziom, na jakim para była w wybranym okresie, drugi — najwyższy, a znacznik to kurs z dziś
• Wyścig indeksów — Jeden wiersz na indeks, a wiersz to jak daleko ten indeks zaszedł od swojego pierwszego miesiąca w okresie — nie jego poziom
• Klasy aktywów — Jeden wiersz na klasę aktywów, a wiersz to ile zarobiło trzymanie — nie notowanie
• Obsunięcia — Wiersz to jak daleko poniżej własnego szczytu jest instrument — nie ile zarobił, lecz ile kosztowało wytrzymanie tego zarobku
• Skuteczność — Wiersz to udział zakończonych wejść, które zarobiły — ze wszystkich miesięcy, w których można było wejść i trzymać równie długo, część zakończona na plusie

Trzy rynki: Chiny A, Hongkong i USA. Interfejs dostępny w 14 językach.

Prezentowane dane pochodzą z publicznej usługi notowań — wyłącznie w celach poglądowych i referencyjnych; nie stanowi porady inwestycyjnej.","Transforme indicadores de mercado em vídeos animados verticais prontos para publicar.

O Market Motion Studio transforma dados do mercado de ações em animações verticais 9:16, criado para plataformas verticais como TikTok, Shorts e Reels: escolha um mercado e um símbolo, o app busca os dados, anima e exporta um MP4 H.264 pronto para publicar.

Dezesseis páginas de gráficos:
• Volume financeiro do mercado — um carretel histórico do volume diário de todo o mercado (China A)
• Volume e giro — preço e volume de uma ação juntos (China A/Hong Kong)
• Corrida de setores — os índices setoriais subindo e caindo em corrida
• Matriz de retorno — uma matriz de calor dos retornos mensais dos principais índices
• Calendário de altas e baixas — cada dia de pregão do ano num relance
• Plano DCA — curva de retorno simulada de aportes semanais/mensais
• Retorno de posição — comprou uma vez, segurou até hoje: valor e queda máxima reproduzidos dia a dia
• Candlestick — um instrumento em diário, semanal ou mensal, com quatro traçados, médias móveis e painel de volume
• Corrida de valor de mercado — as quinze maiores companhias de um mercado em corrida
• Prêmio A/H — as duas cotações de uma companhia, comparadas mês a mês
• Dias extremos — Um instrumento e os dias em que ele mais se moveu — barras horizontais ordenadas por tamanho
• Corredores de câmbio — Uma linha por par, e a linha é o corredor em si: uma ponta é o nível mais baixo que o par teve no período escolhido, a outra o mais alto, e o marcador é a cotação de hoje
• Corrida de índices — Uma linha por índice, e a linha é o quanto aquele índice avançou desde o seu próprio primeiro mês no período — não o seu nível
• Classes de ativos — Uma linha por classe de ativos, e a linha é o que a manutenção rendeu — não a cotação
• Quedas — Uma linha é a distância entre um ativo e sua própria máxima — não o que ele rendeu, mas o que custou para render
• Taxa de acerto — Uma linha é a parcela das entradas concluídas que ganharam — de todos os meses em que se poderia ter entrado e mantido pelo mesmo tempo, a parte que terminou no positivo

Três mercados: China A, Hong Kong e EUA. A interface vem em 14 idiomas.

Os dados exibidos vêm de um serviço público de cotações, apenas para ilustração e referência; não é recomendação de investimento.","Превратите рыночные индикаторы в вертикальные анимированные видео, готовые к публикации.

Market Motion Studio превращает биржевые данные в вертикальные анимации 9:16, созданное для вертикальных платформ вроде TikTok, Shorts и Reels: выберите рынок и символ, приложение само загрузит данные, оживит их и экспортирует MP4 H.264, готовый к публикации.

Шестнадцать страниц с графиками:
• Оборот рынка — историческая лента ежедневного оборота всего рынка (Китай, A-акции)
• Объём и оборачиваемость — цена и объём одной акции вместе (Китай A/Гонконг)
• Гонка секторов — отраслевые индексы в гонке вверх и вниз
• Матрица доходности — тепловая матрица месячной доходности основных индексов
• Календарь роста и падения — каждый торговый день года с одного взгляда
• План DCA — смоделированная кривая доходности еженедельных/ежемесячных покупок
• Доходность позиции — купил один раз, держал до сегодняшнего дня: стоимость и просадка, воспроизводимые день за днём
• Свечи — один инструмент в дневном, недельном или месячном виде, четыре способа, со средними и панелью объёма
• Гонка капитализаций — пятнадцать крупнейших компаний рынка в гонке
• Премия A/H — две котировки одной компании, сравнение месяц за месяцем
• Экстремальные дни — Один инструмент и дни, когда он двигался сильнее всего — горизонтальные полосы, упорядоченные по величине
• Валютные коридоры — Одна строка на пару, и строка сама является коридором: один конец — самый низкий уровень, на котором пара была в выбранном периоде, другой — самый высокий, а маркер — сегодняшний курс
• Гонка индексов — Одна строка на индекс, и строка — это как далеко индекс ушёл от своего собственного первого месяца в диапазоне, а не его уровень
• Классы активов — Одна строка на класс активов, и строка — это что принесло владение, а не котировка
• Просадки — Строка — это насколько инструмент ниже собственного максимума: не сколько он заработал, а чего стоило это заработать
• Доля удачных — Строка — это доля завершённых входов, которые оказались в плюсе: из всех месяцев, в которые можно было войти и держать одинаково долго, та часть, что закончилась с прибылью

Три рынка: Китай (A-акции), Гонконг и США. Интерфейс доступен на 14 языках.

Отображаемые данные поступают из публичного сервиса котировок — только для демонстрации и справки; это не инвестиционная рекомендация.","Piyasa göstergelerini doğrudan yayınlanmaya hazır dikey animasyon videolarına dönüştürün.

Market Motion Studio, borsa verilerini 9:16 dikey animasyonlara dönüştüren, TikTok, Shorts ve Reels gibi dikey platformlar için tasarlanmış bir Windows uygulamasıdır: bir piyasa ve sembol seçin, uygulama verileri çeker, animasyona dönüştürür ve yayınlanmaya hazır H.264 MP4 olarak dışa aktarır.

On altı grafik sayfası:
• Piyasa işlem hacmi — tüm piyasanın günlük işlem hacminin tarihî şeridi (Çin A)
• Hacim ve devir — bir hissenin fiyat ve hacmi birlikte (Çin A/Hong Kong)
• Sektör yarışı — sektör endeksleri yukarı ve aşağı yarışıyor
• Getiri matrisi — ana endekslerin aylık getirilerinin ısı matrisi
• Yükseliş-düşüş takvimi — yılın her işlem günü bir bakışta
• DCA Planı — haftalık/aylık düzenli alımların simüle edilmiş getiri eğrisi
• Pozisyon Getirisi — bir kez alındı, bugüne kadar tutuldu: değer ve düşüş gün gün oynatılır
• Mumlar — bir enstrüman günlük, haftalık veya aylık, dört çizim biçimi, hareketli ortalamalar ve hacim paneliyle
• Piyasa değeri yarışı — bir piyasanın en büyük on beş şirketi yarışta
• A/H primi — bir şirketin iki kotasyonu, ay ay karşılaştırma
• Aşırı günler — Tek bir enstrüman ve en çok hareket ettiği günler — büyüklüğe göre sıralanmış yatay çubuklar
• Döviz koridorları — Her parite için bir satır, ve satırın kendisi koridordur: bir ucu paritenin seçilen dönemde gördüğü en düşük seviye, diğeri en yüksek, işaret ise bugünkü kur
• Endeks yarışı — Her endeks için bir satır ve satır, o endeksin aralıktaki kendi ilk ayından bu yana ne kadar yol aldığıdır — seviyesi değil
• Varlık sınıfları — Her varlık sınıfı için bir satır ve satır, onu tutmanın kazandırdığıdır — kotasyonu değil
• Düşüşler — Bir satır, bir varlığın kendi zirvesinin ne kadar altında olduğudur — ne kazandığı değil, onu kazanmanın neye mal olduğu
• Tutma oranı — Bir satır, kazançla biten tamamlanmış girişlerin payı — aynı süre boyunca girilip tutulabilecek tüm ayların içinde, artıda bitenlerin oranı

Üç piyasa: Çin A, Hong Kong ve ABD. Arayüz 14 dilde mevcut.

Gösterilen veriler kamuya açık bir kotasyon hizmetinden gelir; yalnızca gösterim ve referans amaçlıdır, yatırım tavsiyesi değildir.","把行情指标变成能直接发布的竖屏动画视频。

MarketMotionStudio（行情指标动画工作室）把股票市场数据做成 9:16 竖屏动画，专为抖音、视频号、快手等竖屏平台设计：选择市场与标的，应用自动抓取行情、生成动画，一键导出 H.264 MP4，开箱即发。

十六大图表页：
• 市场成交额——全市场每日成交额的历史长卷（A股）
• 成交量与换手率——单只股票的量价齐观（A股/港股）
• 行业板块竞速——行业指数涨跌的赛跑动画
• 收益矩阵——主要指数月度收益的热力矩阵
• 涨跌日历——全年每个交易日的涨跌一览
• 定投计划——模拟按周/按月定投的累计收益曲线
• 持仓收益——一次买入、持有至今的市值与回撤回放
• K线——一只标的的日/周/月 K 线，四种画法，带均线与成交量副图
• 市值榜竞速——一个市场市值最大的十五家公司按总市值赛跑，成员会随时间进出
• AH 溢价——同一家公司在 A 股与 H 股的价格差，按月竞速
• 极端交易日——一个标的，它历史上最猛的那些天——按幅度排成一列横向条形
• 汇率走廊——一组货币一行，行本身就是那条走廊：一头是这组货币在所选区间里到过的最便宜，另一头是最贵，游标是它现在的汇率
• 指数长跑——一个指数一行，行是这个指数从自己在区间里的第一个月起涨了多少，不是它的点位
• 大类资产——一类资产一行，行是持有它到今天赚了多少，不是它的报价
• 回撤与修复——一行是它落在自己高点下方多远——不是它赚了多少，而是赚到这些要付出什么
• 持有胜率——一行是已走完的持有中赚钱的那一部分——在区间里每一个可以买进并持有相同时间的月份中，最后是赚的那一部分占多少

支持A股、港股、美股三个市场，界面内置 14 种语言。

本应用展示的数据来自公开行情服务，仅供演示与参考，不构成任何投资建议。","把行情指標變成能直接發布的直式動畫影片。

MarketMotionStudio 把股市數據做成 9:16 直式動畫，專為抖音、Shorts、Reels 等直式平台設計：選擇市場與標的，應用程式自動抓取行情、生成動畫，一鍵匯出 H.264 MP4，開箱即發。

十六大圖表頁：
• 市場成交額——全市場每日成交額的歷史長卷（陸股）
• 成交量與換手率——單一股票的量價齊觀（陸股/港股）
• 行業板塊競速——類股指數漲跌的賽跑動畫
• 收益矩陣——主要指數月度報酬的熱力矩陣
• 漲跌日曆——全年每個交易日的漲跌一覽
• 定期定額——模擬每週/每月定期定額的累計報酬曲線
• 持倉收益——一次買入、持有至今的市值與回撤回放
• K線——一檔標的的日線/週線/月線，四種畫法，帶均線與成交量副圖
• 市值榜競速——一個市場市值最大的十五家公司按總市值賽跑，成員會隨時間進出
• AH 溢價——同一家公司在 A 股與 H 股的價格差，按月競速
• 極端交易日——一個標的，它歷史上最猛的那些天——按幅度排成一列橫向條形
• 匯率走廊——一組貨幣一行，行本身就是那條走廊：一頭是這組貨幣在所選區間裡到過的最便宜，另一頭是最貴，游標是它現在的匯率
• 指數長跑——一個指數一行，行是這個指數從自己在區間裡的第一個月起漲了多少，不是它的點位
• 大類資產——一類資產一行，行是持有它到今天賺了多少，不是它的報價
• 回撤與修復——一行是它落在自己高點下方多遠——不是它賺了多少，而是賺到這些要付出什麼
• 持有勝率——一行是已走完的持有中賺錢的那一部分——在區間裡每一個可以買進並持有相同時間的月份中，最後是賺的那一部分佔多少

支援陸股、港股、美股三個市場，介面內建 14 種語言。

本應用程式展示的資料來自公開行情服務，僅供示範與參考，不構成任何投資建議。"
ReleaseNotes,3,文本,,"Eight new chart pages:Market cap — One market's fifteen largest companies as horizontal bars ranked by total market value; AH premium — How much more a company's mainland listing costs than its Hong Kong one, for the firms listed on both sides; Extreme days — One instrument, and the days it moved the most — horizontal bars ranked by size; Currency corridors — One row per pair, and the row is the corridor itself: one end is the cheapest the pair has been in the chosen span; Index race — One row per index, and the row is how far that index has come since its own first month in the range — not its level; Asset classes — One row per asset class, and the row is what holding it earned — not its quote; Drawdowns — A row is how far below its own high a holding sits — not what it earned, but what it cost to earn it; Hold odds — A row is the share of finished entries that gained. Also: each of the sixteen pages now has an icon drawn for it (three pairs had been sharing one system glyph); the index race, asset classes, drawdowns and hold odds share one watchlist that may mix all three markets; and four range menus were re-cut against what the endpoints return — daily candles gained 5 and 10 years, Volume & Turnover and Sector Race gained 24 months (custom spans up to 900 days), and Market Cap Race gained Longest, one request returning all 180 monthly periods.","Osm nových stránek s grafy:Tržní kapitalizace — Patnáct největších společností daného trhu jako vodorovné pruhy seřazené podle tržní kapitalizace; pořadí se mění až d…; Prémie A/H — O kolik je kontinentální kotace společnosti dražší než její hongkongská — u společností kotovaných na obou stranách; Extrémní dny — Jeden nástroj a dny, kdy se pohnul nejvíce — vodorovné pruhy seřazené podle velikosti; Měnové koridory — Jeden řádek na pár a ten řádek je sám koridor: jeden konec je nejnižší úroveň, na které pár ve zvoleném období byl; Závod indexů — Jeden řádek na index a řádek je jak daleko se ten index dostal od svého prvního měsíce v rozmezí — ne jeho úroveň; Třídy aktiv — Jeden řádek na třídu aktiv a řádek je co držení vyneslo — ne kotace; Poklesy — Řádek je jak hluboko pod vlastním maximem se nástroj nachází — ne kolik vydělal, ale co stálo to vydělat; Úspěšnost — Řádek je podíl uzavřených vstupů, které vydělaly — ze všech měsíců, v nichž se dalo vstoupit a držet stejně dlouho. Dále: každá z šestnácti stran má nyní vlastní ikonu (dříve tři dvojice sdílely jeden systémový glyf); závod indexů, třídy aktiv, propady a šance držení sdílejí jeden seznam, který může míchat všechny tři trhy; a rozsahy čtyř stran byly znovu změřeny podle toho, co vracejí koncové body — 5 a 10 let u denního intervalu svíček, 24 měsíců u Objemu a obratu a závodu sektorů (vlastní rozsah do 900 dnů), „Nejdelší“ u závodu kapitalizací, 180 měsíčních období v jednom požadavku.","Acht neue Diagrammseiten:Marktkapitalisierung — Die fünfzehn größten Unternehmen eines Marktes als waagerechte Balken nach Marktkapitalisierung; A/H-Prämie — Wie viel teurer die Festlandnotierung eines Unternehmens ist als seine Hongkonger — für die Firmen; Extreme Tage — Ein Instrument und die Tage, an denen es sich am stärksten bewegt hat — waagrechte Balken, nach Größe gereiht; Währungskorridore — Eine Zeile je Paar, und die Zeile ist der Korridor selbst: ein Ende ist der billigste Stand; Index-Rennen — Eine Zeile je Index, und die Zeile ist wie weit dieser Index seit seinem eigenen ersten Monat im Zeitraum gekommen ist…; Anlageklassen — Eine Zeile pro Anlageklasse, und die Zeile ist was das Halten eingebracht hat — nicht die Notierung; Rücksetzer — Eine Zeile ist, wie weit unter dem eigenen Hoch eine Anlage steht — nicht was sie verdient hat; Haltequote — Eine Zeile ist der Anteil der beendeten Einstiege, die gewonnen haben — von allen Monaten. Außerdem: Jede der sechzehn Seiten hat nun ein eigenes Symbol; Index-Rennen, Anlageklassen, Verluste und Erholung sowie Gewinnchancen nutzen eine gemeinsame Watchlist, die alle drei Märkte mischen darf; und die Zeiträume von vier Seiten wurden an das angepasst, was die Endpunkte liefern — Tageskerzen bekamen 5 und 10 Jahre, Volumen/Umschlag und Sektor-Rennen 24 Monate (eigene Zeiträume bis 900 Tage), das Marktkapitalisierungs-Rennen „Längster“ mit 180 Monatsperioden.","Ocho páginas de gráficos nuevas:Capitalización — Las quince mayores compañías de un mercado como barras horizontales ordenadas por capitalización; Prima A/H — Cuánto más cara es la cotización continental de una compañía que la de Hong Kong; Días extremos — Un instrumento y los días en que más se movió — barras horizontales ordenadas por magnitud; Corredores de divisas — Una fila por par, y la fila es el corredor mismo: un extremo es el nivel más bajo que el par ha tenido en el periodo e…; Carrera de índices — Una fila por índice, y la fila es cuánto ha avanzado ese índice desde su propio primer mes en el periodo — no su nivel; Clases de activos — Una fila por clase de activo, y la fila es lo que ganó mantenerlo — no su cotización; Caídas — Una fila es cuánto por debajo de su propio máximo está una inversión — no lo que ganó, sino lo que costó ganarlo; Tasa de acierto — Una fila es la proporción de entradas terminadas que ganaron. Además: cada una de las dieciséis páginas tiene ya su icono (antes tres pares compartían un glifo del sistema); la carrera de índices, las clases de activos, los repliegues y las probabilidades de tenencia comparten una lista que puede mezclar los tres mercados; y los rangos de cuatro páginas se reajustaron a lo que devuelven los endpoints — 5 y 10 años en el diario de velas, 24 meses en Volumen y rotación y en la carrera de sectores (personalizado hasta 900 días), «Máximo» en la carrera de capitalización, 180 periodos mensuales en una petición.","Huit nouvelles pages de graphiques :Capitalisation — Les quinze plus grandes sociétés d'un marché en barres horizontales classées par capitalisation; Prime A/H — De combien la cotation continentale d'une société dépasse sa cotation hongkongaise; Jours extrêmes — Un instrument, et les jours où il a le plus bougé — des barres horizontales classées par ampleur; Couloirs de devises — Une ligne par paire, et la ligne est le couloir lui-même : une extrémité est le niveau le plus bas que la paire a conn…; Course des indices — Une ligne par indice, et la ligne est le chemin parcouru par cet indice depuis son propre premier mois dans la période…; Classes d'actifs — Une ligne par classe d'actifs, et la ligne est ce que la détention a rapporté — pas le cours; Reculs — Une ligne, c'est la distance entre une position et son propre sommet — pas ce qu'elle a rapporté; Taux de réussite — Une ligne, c'est la part des entrées terminées qui ont gagné. Par ailleurs : chacune des seize pages a désormais son icône ; la course des indices, les classes d'actifs, les replis et les chances de détention partagent une liste de suivi qui peut mêler les trois marchés ; et les plages de quatre pages ont été recalées sur ce que renvoient les points d'accès — 5 et 10 ans sur le quotidien des chandeliers, 24 mois sur Volume et rotation et la course de secteurs (plage personnalisée jusqu'à 900 jours), « Maximale » sur la course des capitalisations, 180 périodes mensuelles en une requête.","Otto nuove pagine di grafici:Capitalizzazione — Le quindici maggiori società di un mercato come barre orizzontali ordinate per capitalizzazione; l'ordine cambia fino…; Premio A/H — Quanto costa in più la quotazione continentale di una società rispetto a quella di Hong Kong; Giorni estremi — Uno strumento e i giorni in cui si è mosso di più — barre orizzontali ordinate per ampiezza; Corridoi valutari — Una riga per coppia, e la riga è il corridoio stesso: un'estremità è il livello più basso che la coppia ha avuto nel p…; Corsa degli indici — Una riga per indice, e la riga è quanto quell'indice ha percorso dal proprio primo mese nell'intervallo; Classi di attività — Una riga per classe di attività, e la riga è ciò che la detenzione ha reso — non la quotazione; Ribassi — Una riga è quanto sotto il proprio massimo si trova uno strumento — non quanto ha guadagnato; Tasso di riuscita — Una riga è la quota delle entrate concluse che hanno guadagnato. Inoltre: ognuna delle sedici pagine ha ora la sua icona; la corsa degli indici, le classi di attività, i cali e i recuperi e le probabilità di detenzione condividono un elenco che può mescolare i tre mercati; e gli intervalli di quattro pagine sono stati rimisurati su ciò che restituiscono gli endpoint — 5 e 10 anni sul giornaliero delle candele, 24 mesi su Volume e rotazione e sulla corsa dei settori (intervallo personalizzato fino a 900 giorni), «Massimo» sulla corsa delle capitalizzazioni, 180 periodi mensili in una richiesta.",このバージョンで八つのチャートページが加わりました：時価総額 — 1 つの市場の時価総額上位 15 社を、時価総額順の横棒として並べます；A/H プレミアム — 両方の市場に上場している企業について、A 株が H 株より何割高いか——月ごとに横棒で並べ、順位は最後の…；極端な日 — 銘柄は一つ、その歴史で最も動いた日々——大きさ順に並べた横向きのバー；為替コリドー — 通貨ペアごとに1行、そしてその行自体がコリドーです：一方の端はそのペアが選んだ区間で最も安かった水準、も…；指数レース — 指数ごとに1行、行はその指数が区間内の自分の最初の月からどれだけ進んだかです；資産クラス — 資産クラスごとに1行；ドローダウン — 行はその資産が自分の高値からどれだけ下にいるか——稼いだ額ではなく、それを稼ぐのに何が必要だったか；保有勝率 — 行は完了したエントリーのうち利益になった割合——区間内で買って同じ期間だけ保有できるすべての月のうち、最…。また、十六のページすべてに専用のアイコンを用意しました（以前は三組のページが同じシステム字形を共有していました）。指数レース・資産クラス・下落と回復・保有勝率の四ページは一つのウォッチリストを共有し、三つの市場を混在できます。四ページの期間は実際の API が返す量に合わせて見直し、ローソク足の日足に 5 年と 10 年、出来高・回転率とセクターレースに 24 か月（カスタムは最大 900 日）、時価総額レースに「最長」（月足 180 期）を追加しました。,"이 버전에서 여덟 개의 차트 페이지가 추가되었습니다:시가총액 — 한 시장의 시가총액 상위 15개 기업을 시가총액 순 가로 막대로 늘어놓습니다. 순위는 마지막…；A/H 프리미엄 — 두 시장에 모두 상장된 기업의 A주가 H주보다 얼마나 비싼지——월 단위로 가로 막대를 늘어놓고…；극단의 날 — 종목은 하나, 그리고 그 역사에서 가장 크게 움직인 날들；환율 코리도 — 통화쌍마다 한 줄, 그리고 그 줄 자체가 코리도입니다: 한쪽 끝은 그 쌍이 선택한 구간에서 가…；지수 레이스 — 지수마다 한 줄, 줄은 그 지수가 구간 내 자기 첫 달부터 얼마나 왔는지입니다. 수준이 아닙니…；자산군 — 자산군마다 한 행이며, 행은 보유해서 오늘까지 벌어들인 것입니다. 시세가 아닙니다. 여덟 개…；낙폭 — 행은 그 자산이 자기 고점에서 얼마나 아래 있는지—얼마를 벌었는가가 아니라；보유 승률 — 행은 이익으로 끝난 완료 진입의 비율—구간 안에서 사서 같은 기간 보유할 수 있었던 모든 달…。또한 열여섯 개 페이지에 각각의 아이콘을 그렸습니다(이전에는 세 쌍이 같은 시스템 글리프를 공유했습니다). 지수 경주·자산군·낙폭과 회복·보유 승률 네 페이지는 하나의 관심 목록을 공유하며 세 시장을 섞을 수 있습니다. 네 페이지의 구간은 API가 실제로 돌려주는 양에 맞춰 다시 정했습니다: 캔들 일간에 5년과 10년, 거래량·회전율과 업종 경주에 24개월(사용자 지정 최대 900일), 시가총액 레이스에 「가장 긴 구간」(월간 180개 기간)을 추가했습니다.","Osiem nowych stron wykresów:Kapitalizacja — Piętnaście największych spółek danego rynku jako poziome słupki uszeregowane według kapitalizacji; kolejność zmienia s…; Premia A/H — O ile droższe jest notowanie kontynentalne spółki od jej notowania w Hongkongu; Ekstremalne dni — Jeden instrument i dni, w których poruszył się najmocniej — poziome słupki uporządkowane według wielkości; Korytarze walutowe — Jeden wiersz na parę, i ten wiersz jest korytarzem: jeden koniec to najniższy poziom; Wyścig indeksów — Jeden wiersz na indeks, a wiersz to jak daleko ten indeks zaszedł od swojego pierwszego miesiąca w okresie; Klasy aktywów — Jeden wiersz na klasę aktywów, a wiersz to ile zarobiło trzymanie — nie notowanie; Obsunięcia — Wiersz to jak daleko poniżej własnego szczytu jest instrument — nie ile zarobił; Skuteczność — Wiersz to udział zakończonych wejść, które zarobiły — ze wszystkich miesięcy. Poza tym: każda z szesnastu stron ma teraz własną ikonę (wcześniej trzy pary dzieliły jeden glif systemowy); wyścig indeksów, klasy aktywów, obsunięcia i szanse utrzymania korzystają z jednej listy obserwowanych, która może mieszać trzy rynki; a zakresy czterech stron przejrzano pod kątem tego, co zwracają endpointy — 5 i 10 lat na interwale dziennym świec, 24 miesiące w Wolumenie i obrocie oraz w wyścigu sektorów (własny zakres do 900 dni), „Najdłuższy“ w wyścigu kapitalizacji, 180 okresów miesięcznych w jednym żądaniu.","Oito novas páginas de gráficos:Valor de mercado — As quinze maiores companhias de um mercado como barras horizontais ordenadas por valor de mercado; Prêmio A/H — Quanto mais cara é a cotação continental de uma companhia do que a de Hong Kong; Dias extremos — Um instrumento e os dias em que ele mais se moveu — barras horizontais ordenadas por tamanho; Corredores de câmbio — Uma linha por par, e a linha é o corredor em si: uma ponta é o nível mais baixo que o par teve no período escolhido; Corrida de índices — Uma linha por índice, e a linha é o quanto aquele índice avançou desde o seu próprio primeiro mês no período; Classes de ativos — Uma linha por classe de ativos, e a linha é o que a manutenção rendeu — não a cotação; Quedas — Uma linha é a distância entre um ativo e sua própria máxima — não o que ele rendeu, mas o que custou para render; Taxa de acerto — Uma linha é a parcela das entradas concluídas que ganharam. Além disso: cada uma das dezesseis páginas agora tem seu ícone (antes três pares compartilhavam um glifo do sistema); a corrida de índices, as classes de ativos, os recuos e as chances de manutenção compartilham uma lista que pode misturar os três mercados; e os intervalos de quatro páginas foram reajustados ao que os endpoints devolvem — 5 e 10 anos no diário do candlestick, 24 meses em Volume e giro e na corrida de setores (personalizado até 900 dias), «Máximo» na corrida de valor de mercado, 180 períodos mensais em um pedido.","Восемь новых страниц с графиками:Капитализация — Пятнадцать крупнейших компаний одного рынка горизонтальными полосами по капитализации; порядок меняется до последнего…; Премия A/H — Насколько бумага компании на материке дороже её гонконгской — для компаний, торгующихся с обеих сторон; Экстремальные дни — Один инструмент и дни, когда он двигался сильнее всего — горизонтальные полосы, упорядоченные по величине; Валютные коридоры — Одна строка на пару, и строка сама является коридором: один конец — самый низкий уровень; Гонка индексов — Одна строка на индекс, и строка — это как далеко индекс ушёл от своего собственного первого месяца в диапазоне; Классы активов — Одна строка на класс активов, и строка — это что принесло владение, а не котировка; Просадки — Строка — это насколько инструмент ниже собственного максимума: не сколько он заработал, а чего стоило это заработать; Доля удачных — Строка — это доля завершённых входов, которые оказались в плюсе: из всех месяцев. Кроме того: у каждой из шестнадцати страниц теперь своя иконка; гонка индексов, классы активов, просадки и шансы удержания используют один список наблюдения, который может смешивать все три рынка; а диапазоны четырёх страниц пересчитаны по тому, что возвращают конечные точки — 5 и 10 лет на дневном интервале свечей, 24 месяца у «Объёма и оборачиваемости» и гонки секторов (свой диапазон до 900 дней), «Максимальный» у гонки капитализаций, 180 месячных периодов за один запрос.","Sekiz yeni grafik sayfası:Piyasa değeri — Bir piyasanın en büyük on beş şirketi, piyasa değerine göre sıralanmış yatay çubuklar olarak; sıralama son kareye kada…; A/H primi — İki tarafta da kote olan şirketler için, karadaki kotasyonun Hong Kong kotasyonundan ne kadar pahalı olduğu — ay ay; Aşırı günler — Tek bir enstrüman ve en çok hareket ettiği günler — büyüklüğe göre sıralanmış yatay çubuklar; Döviz koridorları — Her parite için bir satır, ve satırın kendisi koridordur: bir ucu paritenin seçilen dönemde gördüğü en düşük seviye; Endeks yarışı — Her endeks için bir satır ve satır, o endeksin aralıktaki kendi ilk ayından bu yana ne kadar yol aldığıdır; Varlık sınıfları — Her varlık sınıfı için bir satır ve satır, onu tutmanın kazandırdığıdır — kotasyonu değil; Düşüşler — Bir satır, bir varlığın kendi zirvesinin ne kadar altında olduğudur — ne kazandığı değil; Tutma oranı — Bir satır, kazançla biten tamamlanmış girişlerin payı — aynı süre boyunca girilip tutulabilecek tüm ayların içinde. Ayrıca: on altı sayfanın her birinin artık kendi simgesi var (önceden üç çift aynı sistem glifini paylaşıyordu); endeks yarışı, varlık sınıfları, düşüşler ve elde tutma oranları üç pazarı karıştırabilen tek bir izleme listesi paylaşıyor; dört sayfanın aralıkları da uç noktaların döndürdüğüne göre yeniden ayarlandı — günlük mumlarda 5 ve 10 yıl, Hacim ve devir ile sektör yarışında 24 ay (özel aralık 900 güne kadar), piyasa değeri yarışında 「En uzun」, tek istekte 180 aylık dönem.",本版新增八个图表页：市值榜——一个市场市值最大的十五家公司，按总市值排成一列横向条形，名次一路变到最后一帧；AH 溢价——同一家公司在两个市场都有上市时，A 股相对 H 股贵多少——按月排成一列横向条形；极端交易日——一个标的，它历史上最猛的那些天——按幅度排成一列横向条形；汇率走廊——一组货币一行，行本身就是那条走廊：一头是这组货币在所选区间里到过的最便宜，另一头是最贵；指数长跑——一个指数一行，行是这个指数从自己在区间里的第一个月起涨了多少，不是它的点位；大类资产——一类资产一行，行是持有它到今天赚了多少，不是它的报价；回撤与修复——一行是它落在自己高点下方多远——不是它赚了多少，而是赚到这些要付出什么；持有胜率——一行是已走完的持有中赚钱的那一部分——在区间里每一个可以买进并持有相同时间的月份中。另外：十六个页面各有自己画的图标（此前三对页面共用同一个系统字形）；指数长跑、大类资产、回撤与修复、持有胜率四页共用一份自选，三个市场可混装；四页的区间按接口实测重定——K线日线多了 5 年与 10 年，成交量换手率与行业板块竞速多了 24 个月（自定义上限 900 天），市值榜多了「最长」（月线一次给满 180 期）。,本版新增八個圖表頁：市值榜——一個市場市值最大的十五家公司，按總市值排成一列橫向條形，名次一路變到最後一幀；AH 溢價——同一家公司在兩個市場都有上市時，A 股相對 H 股貴多少——按月排成一列橫向條形；極端交易日——一個標的，它歷史上最猛的那些天——按幅度排成一列橫向條形；匯率走廊——一組貨幣一行，行本身就是那條走廊：一頭是這組貨幣在所選區間裡到過的最便宜，另一頭是最貴；指數長跑——一個指數一行，行是這個指數從自己在區間裡的第一個月起漲了多少，不是它的點位；大類資產——一類資產一行，行是持有它到今天賺了多少，不是它的報價；回撤與修復——一行是它落在自己高點下方多遠——不是它賺了多少，而是賺到這些要付出什麼；持有勝率——一行是已走完的持有中賺錢的那一部分——在區間裡每一個可以買進並持有相同時間的月份中。另外：十六個頁面各有自己畫的圖示（此前三對頁面共用同一個系統字形）；指數長跑、大類資產、回撤與修復、持有勝率四頁共用一份自選，三個市場可混裝；四頁的區間按介面實測重定——K線日線多了 5 年與 10 年，成交量與換手率、行業板塊競速多了 24 個月（自訂上限 900 天），市值榜多了「最長」（月線一次給滿 180 期）。
Title,4,文本,,MarketMotionStudio,MarketMotionStudio,MarketMotionStudio,MarketMotionStudio,MarketMotionStudio,MarketMotionStudio,MarketMotionStudio,MarketMotionStudio,MarketMotionStudio,MarketMotionStudio,MarketMotionStudio,MarketMotionStudio,MarketMotionStudio,MarketMotionStudio
ShortTitle,5,文本,,,,,,,,,,,,,,,
SortTitle,6,文本,,,,,,,,,,,,,,,
VoiceTitle,7,文本,,,,,,,,,,,,,,,
ShortDescription,8,文本,,,,,,,,,,,,,,,
DevStudio,9,文本,,,,,,,,,,,,,,,
CopyrightTrademarkInformation,12,文本,,,,,,,,,,,,,,,
AdditionalLicenseTerms,13,文本,,,,,,,,,,,,,,,
DesktopScreenshot1,100,相对路径(或指向合作伙伴中心文件的 URL),,store-screens/en-us/02-sector-race.png,store-screens/cs/02-sector-race.png,store-screens/de/02-sector-race.png,store-screens/es/02-sector-race.png,store-screens/fr/02-sector-race.png,store-screens/it/02-sector-race.png,store-screens/ja/02-sector-race.png,store-screens/ko/02-sector-race.png,store-screens/pl/02-sector-race.png,store-screens/pt-br/02-sector-race.png,store-screens/ru/02-sector-race.png,store-screens/tr/02-sector-race.png,store-screens/zh-hans/01-market-turnover.png,store-screens/zh-hant/02-sector-race.png
DesktopScreenshot2,101,相对路径(或指向合作伙伴中心文件的 URL),,store-screens/en-us/03-gain-calendar.png,store-screens/cs/03-gain-calendar.png,store-screens/de/03-gain-calendar.png,store-screens/es/03-gain-calendar.png,store-screens/fr/03-gain-calendar.png,store-screens/it/03-gain-calendar.png,store-screens/ja/03-gain-calendar.png,store-screens/ko/03-gain-calendar.png,store-screens/pl/03-gain-calendar.png,store-screens/pt-br/03-gain-calendar.png,store-screens/ru/03-gain-calendar.png,store-screens/tr/03-gain-calendar.png,store-screens/zh-hans/02-sector-race.png,store-screens/zh-hant/03-gain-calendar.png
DesktopScreenshot3,102,相对路径(或指向合作伙伴中心文件的 URL),,store-screens/en-us/04-monthly-matrix.png,store-screens/cs/04-monthly-matrix.png,store-screens/de/04-monthly-matrix.png,store-screens/es/04-monthly-matrix.png,store-screens/fr/04-monthly-matrix.png,store-screens/it/04-monthly-matrix.png,store-screens/ja/04-monthly-matrix.png,store-screens/ko/04-monthly-matrix.png,store-screens/pl/04-monthly-matrix.png,store-screens/pt-br/04-monthly-matrix.png,store-screens/ru/04-monthly-matrix.png,store-screens/tr/04-monthly-matrix.png,store-screens/zh-hans/03-gain-calendar.png,store-screens/zh-hant/04-monthly-matrix.png
DesktopScreenshot4,103,相对路径(或指向合作伙伴中心文件的 URL),,store-screens/en-us/05-dca-plan.png,store-screens/cs/05-dca-plan.png,store-screens/de/05-dca-plan.png,store-screens/es/05-dca-plan.png,store-screens/fr/05-dca-plan.png,store-screens/it/05-dca-plan.png,store-screens/ja/05-dca-plan.png,store-screens/ko/05-dca-plan.png,store-screens/pl/05-dca-plan.png,store-screens/pt-br/05-dca-plan.png,store-screens/ru/05-dca-plan.png,store-screens/tr/05-dca-plan.png,store-screens/zh-hans/04-monthly-matrix.png,store-screens/zh-hant/05-dca-plan.png
DesktopScreenshot5,104,相对路径(或指向合作伙伴中心文件的 URL),,store-screens/en-us/06-position.png,store-screens/cs/06-position.png,store-screens/de/06-position.png,store-screens/es/06-position.png,store-screens/fr/06-position.png,store-screens/it/06-position.png,store-screens/ja/06-position.png,store-screens/ko/06-position.png,store-screens/pl/06-position.png,store-screens/pt-br/06-position.png,store-screens/ru/06-position.png,store-screens/tr/06-position.png,store-screens/zh-hans/05-dca-plan.png,store-screens/zh-hant/06-position.png
DesktopScreenshot6,105,相对路径(或指向合作伙伴中心文件的 URL),,store-screens/en-us/07-candle.png,store-screens/cs/07-candle.png,store-screens/de/07-candle.png,store-screens/es/07-candle.png,store-screens/fr/07-candle.png,store-screens/it/07-candle.png,store-screens/ja/07-candle.png,store-screens/ko/07-candle.png,store-screens/pl/07-candle.png,store-screens/pt-br/07-candle.png,store-screens/ru/07-candle.png,store-screens/tr/07-candle.png,store-screens/zh-hans/06-position.png,store-screens/zh-hant/07-candle.png
DesktopScreenshot7,106,相对路径(或指向合作伙伴中心文件的 URL),,store-screens/en-us/08-market-cap.png,store-screens/cs/08-market-cap.png,store-screens/de/08-market-cap.png,store-screens/es/08-market-cap.png,store-screens/fr/08-market-cap.png,store-screens/it/08-market-cap.png,store-screens/ja/08-market-cap.png,store-screens/ko/08-market-cap.png,store-screens/pl/08-market-cap.png,store-screens/pt-br/08-market-cap.png,store-screens/ru/08-market-cap.png,store-screens/tr/08-market-cap.png,store-screens/zh-hans/07-candle.png,store-screens/zh-hant/08-market-cap.png
DesktopScreenshot8,107,相对路径(或指向合作伙伴中心文件的 URL),,,,,,,,,,,,,,store-screens/zh-hans/08-market-cap.png,
DesktopScreenshot9,108,相对路径(或指向合作伙伴中心文件的 URL),,,,,,,,,,,,,,,
DesktopScreenshot10,109,相对路径(或指向合作伙伴中心文件的 URL),,,,,,,,,,,,,,,
DesktopScreenshot11,110,相对路径(或指向合作伙伴中心文件的 URL),,,,,,,,,,,,,,,
DesktopScreenshot12,111,相对路径(或指向合作伙伴中心文件的 URL),,,,,,,,,,,,,,,
DesktopScreenshot13,112,相对路径(或指向合作伙伴中心文件的 URL),,,,,,,,,,,,,,,
DesktopScreenshot14,113,相对路径(或指向合作伙伴中心文件的 URL),,,,,,,,,,,,,,,
DesktopScreenshot15,114,相对路径(或指向合作伙伴中心文件的 URL),,,,,,,,,,,,,,,
DesktopScreenshot16,115,相对路径(或指向合作伙伴中心文件的 URL),,,,,,,,,,,,,,,
DesktopScreenshot17,116,相对路径(或指向合作伙伴中心文件的 URL),,,,,,,,,,,,,,,
DesktopScreenshot18,117,相对路径(或指向合作伙伴中心文件的 URL),,,,,,,,,,,,,,,
DesktopScreenshot19,118,相对路径(或指向合作伙伴中心文件的 URL),,,,,,,,,,,,,,,
DesktopScreenshot20,119,相对路径(或指向合作伙伴中心文件的 URL),,,,,,,,,,,,,,,
DesktopScreenshot21,120,相对路径(或指向合作伙伴中心文件的 URL),,,,,,,,,,,,,,,
DesktopScreenshot22,121,相对路径(或指向合作伙伴中心文件的 URL),,,,,,,,,,,,,,,
DesktopScreenshot23,122,相对路径(或指向合作伙伴中心文件的 URL),,,,,,,,,,,,,,,
DesktopScreenshot24,123,相对路径(或指向合作伙伴中心文件的 URL),,,,,,,,,,,,,,,
DesktopScreenshot25,124,相对路径(或指向合作伙伴中心文件的 URL),,,,,,,,,,,,,,,
DesktopScreenshot26,125,相对路径(或指向合作伙伴中心文件的 URL),,,,,,,,,,,,,,,
DesktopScreenshot27,126,相对路径(或指向合作伙伴中心文件的 URL),,,,,,,,,,,,,,,
DesktopScreenshot28,127,相对路径(或指向合作伙伴中心文件的 URL),,,,,,,,,,,,,,,
DesktopScreenshot29,128,相对路径(或指向合作伙伴中心文件的 URL),,,,,,,,,,,,,,,
DesktopScreenshot30,129,相对路径(或指向合作伙伴中心文件的 URL),,,,,,,,,,,,,,,
DesktopScreenshotCaption1,150,文本,,,,,,,,,,,,,,,
DesktopScreenshotCaption2,151,文本,,,,,,,,,,,,,,,
DesktopScreenshotCaption3,152,文本,,,,,,,,,,,,,,,
DesktopScreenshotCaption4,153,文本,,,,,,,,,,,,,,,
DesktopScreenshotCaption5,154,文本,,,,,,,,,,,,,,,
DesktopScreenshotCaption6,155,文本,,,,,,,,,,,,,,,
DesktopScreenshotCaption7,156,文本,,,,,,,,,,,,,,,
DesktopScreenshotCaption8,157,文本,,,,,,,,,,,,,,,
DesktopScreenshotCaption9,158,文本,,,,,,,,,,,,,,,
DesktopScreenshotCaption10,159,文本,,,,,,,,,,,,,,,
DesktopScreenshotCaption11,160,文本,,,,,,,,,,,,,,,
DesktopScreenshotCaption12,161,文本,,,,,,,,,,,,,,,
DesktopScreenshotCaption13,162,文本,,,,,,,,,,,,,,,
DesktopScreenshotCaption14,163,文本,,,,,,,,,,,,,,,
DesktopScreenshotCaption15,164,文本,,,,,,,,,,,,,,,
DesktopScreenshotCaption16,165,文本,,,,,,,,,,,,,,,
DesktopScreenshotCaption17,166,文本,,,,,,,,,,,,,,,
DesktopScreenshotCaption18,167,文本,,,,,,,,,,,,,,,
DesktopScreenshotCaption19,168,文本,,,,,,,,,,,,,,,
DesktopScreenshotCaption20,169,文本,,,,,,,,,,,,,,,
DesktopScreenshotCaption21,170,文本,,,,,,,,,,,,,,,
DesktopScreenshotCaption22,171,文本,,,,,,,,,,,,,,,
DesktopScreenshotCaption23,172,文本,,,,,,,,,,,,,,,
DesktopScreenshotCaption24,173,文本,,,,,,,,,,,,,,,
DesktopScreenshotCaption25,174,文本,,,,,,,,,,,,,,,
DesktopScreenshotCaption26,175,文本,,,,,,,,,,,,,,,
DesktopScreenshotCaption27,176,文本,,,,,,,,,,,,,,,
DesktopScreenshotCaption28,177,文本,,,,,,,,,,,,,,,
DesktopScreenshotCaption29,178,文本,,,,,,,,,,,,,,,
DesktopScreenshotCaption30,179,文本,,,,,,,,,,,,,,,
MobileScreenshot1,200,相对路径(或指向合作伙伴中心文件的 URL),,,,,,,,,,,,,,,
MobileScreenshot2,201,相对路径(或指向合作伙伴中心文件的 URL),,,,,,,,,,,,,,,
MobileScreenshot3,202,相对路径(或指向合作伙伴中心文件的 URL),,,,,,,,,,,,,,,
MobileScreenshot4,203,相对路径(或指向合作伙伴中心文件的 URL),,,,,,,,,,,,,,,
MobileScreenshot5,204,相对路径(或指向合作伙伴中心文件的 URL),,,,,,,,,,,,,,,
MobileScreenshot6,205,相对路径(或指向合作伙伴中心文件的 URL),,,,,,,,,,,,,,,
MobileScreenshot7,206,相对路径(或指向合作伙伴中心文件的 URL),,,,,,,,,,,,,,,
MobileScreenshot8,207,相对路径(或指向合作伙伴中心文件的 URL),,,,,,,,,,,,,,,
MobileScreenshot9,208,相对路径(或指向合作伙伴中心文件的 URL),,,,,,,,,,,,,,,
MobileScreenshot10,209,相对路径(或指向合作伙伴中心文件的 URL),,,,,,,,,,,,,,,
MobileScreenshot11,210,相对路径(或指向合作伙伴中心文件的 URL),,,,,,,,,,,,,,,
MobileScreenshot12,211,相对路径(或指向合作伙伴中心文件的 URL),,,,,,,,,,,,,,,
MobileScreenshot13,212,相对路径(或指向合作伙伴中心文件的 URL),,,,,,,,,,,,,,,
MobileScreenshot14,213,相对路径(或指向合作伙伴中心文件的 URL),,,,,,,,,,,,,,,
MobileScreenshot15,214,相对路径(或指向合作伙伴中心文件的 URL),,,,,,,,,,,,,,,
MobileScreenshot16,215,相对路径(或指向合作伙伴中心文件的 URL),,,,,,,,,,,,,,,
MobileScreenshot17,216,相对路径(或指向合作伙伴中心文件的 URL),,,,,,,,,,,,,,,
MobileScreenshot18,217,相对路径(或指向合作伙伴中心文件的 URL),,,,,,,,,,,,,,,
MobileScreenshot19,218,相对路径(或指向合作伙伴中心文件的 URL),,,,,,,,,,,,,,,
MobileScreenshot20,219,相对路径(或指向合作伙伴中心文件的 URL),,,,,,,,,,,,,,,
MobileScreenshot21,220,相对路径(或指向合作伙伴中心文件的 URL),,,,,,,,,,,,,,,
MobileScreenshot22,221,相对路径(或指向合作伙伴中心文件的 URL),,,,,,,,,,,,,,,
MobileScreenshot23,222,相对路径(或指向合作伙伴中心文件的 URL),,,,,,,,,,,,,,,
MobileScreenshot24,223,相对路径(或指向合作伙伴中心文件的 URL),,,,,,,,,,,,,,,
MobileScreenshot25,224,相对路径(或指向合作伙伴中心文件的 URL),,,,,,,,,,,,,,,
MobileScreenshot26,225,相对路径(或指向合作伙伴中心文件的 URL),,,,,,,,,,,,,,,
MobileScreenshot27,226,相对路径(或指向合作伙伴中心文件的 URL),,,,,,,,,,,,,,,
MobileScreenshot28,227,相对路径(或指向合作伙伴中心文件的 URL),,,,,,,,,,,,,,,
MobileScreenshot29,228,相对路径(或指向合作伙伴中心文件的 URL),,,,,,,,,,,,,,,
MobileScreenshot30,229,相对路径(或指向合作伙伴中心文件的 URL),,,,,,,,,,,,,,,
MobileScreenshotCaption1,250,文本,,,,,,,,,,,,,,,
MobileScreenshotCaption2,251,文本,,,,,,,,,,,,,,,
MobileScreenshotCaption3,252,文本,,,,,,,,,,,,,,,
MobileScreenshotCaption4,253,文本,,,,,,,,,,,,,,,
MobileScreenshotCaption5,254,文本,,,,,,,,,,,,,,,
MobileScreenshotCaption6,255,文本,,,,,,,,,,,,,,,
MobileScreenshotCaption7,256,文本,,,,,,,,,,,,,,,
MobileScreenshotCaption8,257,文本,,,,,,,,,,,,,,,
MobileScreenshotCaption9,258,文本,,,,,,,,,,,,,,,
MobileScreenshotCaption10,259,文本,,,,,,,,,,,,,,,
MobileScreenshotCaption11,260,文本,,,,,,,,,,,,,,,
MobileScreenshotCaption12,261,文本,,,,,,,,,,,,,,,
MobileScreenshotCaption13,262,文本,,,,,,,,,,,,,,,
MobileScreenshotCaption14,263,文本,,,,,,,,,,,,,,,
MobileScreenshotCaption15,264,文本,,,,,,,,,,,,,,,
MobileScreenshotCaption16,265,文本,,,,,,,,,,,,,,,
MobileScreenshotCaption17,266,文本,,,,,,,,,,,,,,,
MobileScreenshotCaption18,267,文本,,,,,,,,,,,,,,,
MobileScreenshotCaption19,268,文本,,,,,,,,,,,,,,,
MobileScreenshotCaption20,269,文本,,,,,,,,,,,,,,,
MobileScreenshotCaption21,270,文本,,,,,,,,,,,,,,,
MobileScreenshotCaption22,271,文本,,,,,,,,,,,,,,,
MobileScreenshotCaption23,272,文本,,,,,,,,,,,,,,,
MobileScreenshotCaption24,273,文本,,,,,,,,,,,,,,,
MobileScreenshotCaption25,274,文本,,,,,,,,,,,,,,,
MobileScreenshotCaption26,275,文本,,,,,,,,,,,,,,,
MobileScreenshotCaption27,276,文本,,,,,,,,,,,,,,,
MobileScreenshotCaption28,277,文本,,,,,,,,,,,,,,,
MobileScreenshotCaption29,278,文本,,,,,,,,,,,,,,,
MobileScreenshotCaption30,279,文本,,,,,,,,,,,,,,,
XboxScreenshot1,300,相对路径(或指向合作伙伴中心文件的 URL),,,,,,,,,,,,,,,
XboxScreenshot2,301,相对路径(或指向合作伙伴中心文件的 URL),,,,,,,,,,,,,,,
XboxScreenshot3,302,相对路径(或指向合作伙伴中心文件的 URL),,,,,,,,,,,,,,,
XboxScreenshot4,303,相对路径(或指向合作伙伴中心文件的 URL),,,,,,,,,,,,,,,
XboxScreenshot5,304,相对路径(或指向合作伙伴中心文件的 URL),,,,,,,,,,,,,,,
XboxScreenshot6,305,相对路径(或指向合作伙伴中心文件的 URL),,,,,,,,,,,,,,,
XboxScreenshot7,306,相对路径(或指向合作伙伴中心文件的 URL),,,,,,,,,,,,,,,
XboxScreenshot8,307,相对路径(或指向合作伙伴中心文件的 URL),,,,,,,,,,,,,,,
XboxScreenshot9,308,相对路径(或指向合作伙伴中心文件的 URL),,,,,,,,,,,,,,,
XboxScreenshot10,309,相对路径(或指向合作伙伴中心文件的 URL),,,,,,,,,,,,,,,
XboxScreenshot11,310,相对路径(或指向合作伙伴中心文件的 URL),,,,,,,,,,,,,,,
XboxScreenshot12,311,相对路径(或指向合作伙伴中心文件的 URL),,,,,,,,,,,,,,,
XboxScreenshot13,312,相对路径(或指向合作伙伴中心文件的 URL),,,,,,,,,,,,,,,
XboxScreenshot14,313,相对路径(或指向合作伙伴中心文件的 URL),,,,,,,,,,,,,,,
XboxScreenshot15,314,相对路径(或指向合作伙伴中心文件的 URL),,,,,,,,,,,,,,,
XboxScreenshot16,315,相对路径(或指向合作伙伴中心文件的 URL),,,,,,,,,,,,,,,
XboxScreenshot17,316,相对路径(或指向合作伙伴中心文件的 URL),,,,,,,,,,,,,,,
XboxScreenshot18,317,相对路径(或指向合作伙伴中心文件的 URL),,,,,,,,,,,,,,,
XboxScreenshot19,318,相对路径(或指向合作伙伴中心文件的 URL),,,,,,,,,,,,,,,
XboxScreenshot20,319,相对路径(或指向合作伙伴中心文件的 URL),,,,,,,,,,,,,,,
XboxScreenshot21,320,相对路径(或指向合作伙伴中心文件的 URL),,,,,,,,,,,,,,,
XboxScreenshot22,321,相对路径(或指向合作伙伴中心文件的 URL),,,,,,,,,,,,,,,
XboxScreenshot23,322,相对路径(或指向合作伙伴中心文件的 URL),,,,,,,,,,,,,,,
XboxScreenshot24,323,相对路径(或指向合作伙伴中心文件的 URL),,,,,,,,,,,,,,,
XboxScreenshot25,324,相对路径(或指向合作伙伴中心文件的 URL),,,,,,,,,,,,,,,
XboxScreenshot26,325,相对路径(或指向合作伙伴中心文件的 URL),,,,,,,,,,,,,,,
XboxScreenshot27,326,相对路径(或指向合作伙伴中心文件的 URL),,,,,,,,,,,,,,,
XboxScreenshot28,327,相对路径(或指向合作伙伴中心文件的 URL),,,,,,,,,,,,,,,
XboxScreenshot29,328,相对路径(或指向合作伙伴中心文件的 URL),,,,,,,,,,,,,,,
XboxScreenshot30,329,相对路径(或指向合作伙伴中心文件的 URL),,,,,,,,,,,,,,,
XboxScreenshotCaption1,350,文本,,,,,,,,,,,,,,,
XboxScreenshotCaption2,351,文本,,,,,,,,,,,,,,,
XboxScreenshotCaption3,352,文本,,,,,,,,,,,,,,,
XboxScreenshotCaption4,353,文本,,,,,,,,,,,,,,,
XboxScreenshotCaption5,354,文本,,,,,,,,,,,,,,,
XboxScreenshotCaption6,355,文本,,,,,,,,,,,,,,,
XboxScreenshotCaption7,356,文本,,,,,,,,,,,,,,,
XboxScreenshotCaption8,357,文本,,,,,,,,,,,,,,,
XboxScreenshotCaption9,358,文本,,,,,,,,,,,,,,,
XboxScreenshotCaption10,359,文本,,,,,,,,,,,,,,,
XboxScreenshotCaption11,360,文本,,,,,,,,,,,,,,,
XboxScreenshotCaption12,361,文本,,,,,,,,,,,,,,,
XboxScreenshotCaption13,362,文本,,,,,,,,,,,,,,,
XboxScreenshotCaption14,363,文本,,,,,,,,,,,,,,,
XboxScreenshotCaption15,364,文本,,,,,,,,,,,,,,,
XboxScreenshotCaption16,365,文本,,,,,,,,,,,,,,,
XboxScreenshotCaption17,366,文本,,,,,,,,,,,,,,,
XboxScreenshotCaption18,367,文本,,,,,,,,,,,,,,,
XboxScreenshotCaption19,368,文本,,,,,,,,,,,,,,,
XboxScreenshotCaption20,369,文本,,,,,,,,,,,,,,,
XboxScreenshotCaption21,370,文本,,,,,,,,,,,,,,,
XboxScreenshotCaption22,371,文本,,,,,,,,,,,,,,,
XboxScreenshotCaption23,372,文本,,,,,,,,,,,,,,,
XboxScreenshotCaption24,373,文本,,,,,,,,,,,,,,,
XboxScreenshotCaption25,374,文本,,,,,,,,,,,,,,,
XboxScreenshotCaption26,375,文本,,,,,,,,,,,,,,,
XboxScreenshotCaption27,376,文本,,,,,,,,,,,,,,,
XboxScreenshotCaption28,377,文本,,,,,,,,,,,,,,,
XboxScreenshotCaption29,378,文本,,,,,,,,,,,,,,,
XboxScreenshotCaption30,379,文本,,,,,,,,,,,,,,,
HolographicScreenshot1,400,相对路径(或指向合作伙伴中心文件的 URL),,,,,,,,,,,,,,,
HolographicScreenshot2,401,相对路径(或指向合作伙伴中心文件的 URL),,,,,,,,,,,,,,,
HolographicScreenshot3,402,相对路径(或指向合作伙伴中心文件的 URL),,,,,,,,,,,,,,,
HolographicScreenshot4,403,相对路径(或指向合作伙伴中心文件的 URL),,,,,,,,,,,,,,,
HolographicScreenshot5,404,相对路径(或指向合作伙伴中心文件的 URL),,,,,,,,,,,,,,,
HolographicScreenshot6,405,相对路径(或指向合作伙伴中心文件的 URL),,,,,,,,,,,,,,,
HolographicScreenshot7,406,相对路径(或指向合作伙伴中心文件的 URL),,,,,,,,,,,,,,,
HolographicScreenshot8,407,相对路径(或指向合作伙伴中心文件的 URL),,,,,,,,,,,,,,,
HolographicScreenshot9,408,相对路径(或指向合作伙伴中心文件的 URL),,,,,,,,,,,,,,,
HolographicScreenshot10,409,相对路径(或指向合作伙伴中心文件的 URL),,,,,,,,,,,,,,,
HolographicScreenshot11,410,相对路径(或指向合作伙伴中心文件的 URL),,,,,,,,,,,,,,,
HolographicScreenshot12,411,相对路径(或指向合作伙伴中心文件的 URL),,,,,,,,,,,,,,,
HolographicScreenshot13,412,相对路径(或指向合作伙伴中心文件的 URL),,,,,,,,,,,,,,,
HolographicScreenshot14,413,相对路径(或指向合作伙伴中心文件的 URL),,,,,,,,,,,,,,,
HolographicScreenshot15,414,相对路径(或指向合作伙伴中心文件的 URL),,,,,,,,,,,,,,,
HolographicScreenshot16,415,相对路径(或指向合作伙伴中心文件的 URL),,,,,,,,,,,,,,,
HolographicScreenshot17,416,相对路径(或指向合作伙伴中心文件的 URL),,,,,,,,,,,,,,,
HolographicScreenshot18,417,相对路径(或指向合作伙伴中心文件的 URL),,,,,,,,,,,,,,,
HolographicScreenshot19,418,相对路径(或指向合作伙伴中心文件的 URL),,,,,,,,,,,,,,,
HolographicScreenshot20,419,相对路径(或指向合作伙伴中心文件的 URL),,,,,,,,,,,,,,,
HolographicScreenshot21,420,相对路径(或指向合作伙伴中心文件的 URL),,,,,,,,,,,,,,,
HolographicScreenshot22,421,相对路径(或指向合作伙伴中心文件的 URL),,,,,,,,,,,,,,,
HolographicScreenshot23,422,相对路径(或指向合作伙伴中心文件的 URL),,,,,,,,,,,,,,,
HolographicScreenshot24,423,相对路径(或指向合作伙伴中心文件的 URL),,,,,,,,,,,,,,,
HolographicScreenshot25,424,相对路径(或指向合作伙伴中心文件的 URL),,,,,,,,,,,,,,,
HolographicScreenshot26,425,相对路径(或指向合作伙伴中心文件的 URL),,,,,,,,,,,,,,,
HolographicScreenshot27,426,相对路径(或指向合作伙伴中心文件的 URL),,,,,,,,,,,,,,,
HolographicScreenshot28,427,相对路径(或指向合作伙伴中心文件的 URL),,,,,,,,,,,,,,,
HolographicScreenshot29,428,相对路径(或指向合作伙伴中心文件的 URL),,,,,,,,,,,,,,,
HolographicScreenshot30,429,相对路径(或指向合作伙伴中心文件的 URL),,,,,,,,,,,,,,,
HolographicScreenshotCaption1,450,文本,,,,,,,,,,,,,,,
HolographicScreenshotCaption2,451,文本,,,,,,,,,,,,,,,
HolographicScreenshotCaption3,452,文本,,,,,,,,,,,,,,,
HolographicScreenshotCaption4,453,文本,,,,,,,,,,,,,,,
HolographicScreenshotCaption5,454,文本,,,,,,,,,,,,,,,
HolographicScreenshotCaption6,455,文本,,,,,,,,,,,,,,,
HolographicScreenshotCaption7,456,文本,,,,,,,,,,,,,,,
HolographicScreenshotCaption8,457,文本,,,,,,,,,,,,,,,
HolographicScreenshotCaption9,458,文本,,,,,,,,,,,,,,,
HolographicScreenshotCaption10,459,文本,,,,,,,,,,,,,,,
HolographicScreenshotCaption11,460,文本,,,,,,,,,,,,,,,
HolographicScreenshotCaption12,461,文本,,,,,,,,,,,,,,,
HolographicScreenshotCaption13,462,文本,,,,,,,,,,,,,,,
HolographicScreenshotCaption14,463,文本,,,,,,,,,,,,,,,
HolographicScreenshotCaption15,464,文本,,,,,,,,,,,,,,,
HolographicScreenshotCaption16,465,文本,,,,,,,,,,,,,,,
HolographicScreenshotCaption17,466,文本,,,,,,,,,,,,,,,
HolographicScreenshotCaption18,467,文本,,,,,,,,,,,,,,,
HolographicScreenshotCaption19,468,文本,,,,,,,,,,,,,,,
HolographicScreenshotCaption20,469,文本,,,,,,,,,,,,,,,
HolographicScreenshotCaption21,470,文本,,,,,,,,,,,,,,,
HolographicScreenshotCaption22,471,文本,,,,,,,,,,,,,,,
HolographicScreenshotCaption23,472,文本,,,,,,,,,,,,,,,
HolographicScreenshotCaption24,473,文本,,,,,,,,,,,,,,,
HolographicScreenshotCaption25,474,文本,,,,,,,,,,,,,,,
HolographicScreenshotCaption26,475,文本,,,,,,,,,,,,,,,
HolographicScreenshotCaption27,476,文本,,,,,,,,,,,,,,,
HolographicScreenshotCaption28,477,文本,,,,,,,,,,,,,,,
HolographicScreenshotCaption29,478,文本,,,,,,,,,,,,,,,
HolographicScreenshotCaption30,479,文本,,,,,,,,,,,,,,,
SurfaceHubScreenshot11,510,相对路径(或指向合作伙伴中心文件的 URL),,,,,,,,,,,,,,,
SurfaceHubScreenshot12,511,相对路径(或指向合作伙伴中心文件的 URL),,,,,,,,,,,,,,,
SurfaceHubScreenshot13,512,相对路径(或指向合作伙伴中心文件的 URL),,,,,,,,,,,,,,,
SurfaceHubScreenshot14,513,相对路径(或指向合作伙伴中心文件的 URL),,,,,,,,,,,,,,,
SurfaceHubScreenshot15,514,相对路径(或指向合作伙伴中心文件的 URL),,,,,,,,,,,,,,,
SurfaceHubScreenshot16,515,相对路径(或指向合作伙伴中心文件的 URL),,,,,,,,,,,,,,,
SurfaceHubScreenshot17,516,相对路径(或指向合作伙伴中心文件的 URL),,,,,,,,,,,,,,,
SurfaceHubScreenshot18,517,相对路径(或指向合作伙伴中心文件的 URL),,,,,,,,,,,,,,,
SurfaceHubScreenshot19,518,相对路径(或指向合作伙伴中心文件的 URL),,,,,,,,,,,,,,,
SurfaceHubScreenshot20,519,相对路径(或指向合作伙伴中心文件的 URL),,,,,,,,,,,,,,,
SurfaceHubScreenshot21,520,相对路径(或指向合作伙伴中心文件的 URL),,,,,,,,,,,,,,,
SurfaceHubScreenshot22,521,相对路径(或指向合作伙伴中心文件的 URL),,,,,,,,,,,,,,,
SurfaceHubScreenshot23,522,相对路径(或指向合作伙伴中心文件的 URL),,,,,,,,,,,,,,,
SurfaceHubScreenshot24,523,相对路径(或指向合作伙伴中心文件的 URL),,,,,,,,,,,,,,,
SurfaceHubScreenshot25,524,相对路径(或指向合作伙伴中心文件的 URL),,,,,,,,,,,,,,,
SurfaceHubScreenshot26,525,相对路径(或指向合作伙伴中心文件的 URL),,,,,,,,,,,,,,,
SurfaceHubScreenshot27,526,相对路径(或指向合作伙伴中心文件的 URL),,,,,,,,,,,,,,,
SurfaceHubScreenshot28,527,相对路径(或指向合作伙伴中心文件的 URL),,,,,,,,,,,,,,,
SurfaceHubScreenshot29,528,相对路径(或指向合作伙伴中心文件的 URL),,,,,,,,,,,,,,,
SurfaceHubScreenshot30,529,相对路径(或指向合作伙伴中心文件的 URL),,,,,,,,,,,,,,,
SurfaceHubScreenshotCaption11,560,文本,,,,,,,,,,,,,,,
SurfaceHubScreenshotCaption12,561,文本,,,,,,,,,,,,,,,
SurfaceHubScreenshotCaption13,562,文本,,,,,,,,,,,,,,,
SurfaceHubScreenshotCaption14,563,文本,,,,,,,,,,,,,,,
SurfaceHubScreenshotCaption15,564,文本,,,,,,,,,,,,,,,
SurfaceHubScreenshotCaption16,565,文本,,,,,,,,,,,,,,,
SurfaceHubScreenshotCaption17,566,文本,,,,,,,,,,,,,,,
SurfaceHubScreenshotCaption18,567,文本,,,,,,,,,,,,,,,
SurfaceHubScreenshotCaption19,568,文本,,,,,,,,,,,,,,,
SurfaceHubScreenshotCaption20,569,文本,,,,,,,,,,,,,,,
SurfaceHubScreenshotCaption21,570,文本,,,,,,,,,,,,,,,
SurfaceHubScreenshotCaption22,571,文本,,,,,,,,,,,,,,,
SurfaceHubScreenshotCaption23,572,文本,,,,,,,,,,,,,,,
SurfaceHubScreenshotCaption24,573,文本,,,,,,,,,,,,,,,
SurfaceHubScreenshotCaption25,574,文本,,,,,,,,,,,,,,,
SurfaceHubScreenshotCaption26,575,文本,,,,,,,,,,,,,,,
SurfaceHubScreenshotCaption27,576,文本,,,,,,,,,,,,,,,
SurfaceHubScreenshotCaption28,577,文本,,,,,,,,,,,,,,,
SurfaceHubScreenshotCaption29,578,文本,,,,,,,,,,,,,,,
SurfaceHubScreenshotCaption30,579,文本,,,,,,,,,,,,,,,
StoreLogo720x1080,600,相对路径(或指向合作伙伴中心文件的 URL),,,,,,,,,,,,,,,
StoreLogo1080x1080,601,相对路径(或指向合作伙伴中心文件的 URL),,,,,,,,,,,,,,,
StoreLogo300x300,602,相对路径(或指向合作伙伴中心文件的 URL),,,,,,,,,,,,,,,
OverrideLogosForWin10,603,True/False,,False,False,False,False,False,False,False,False,False,False,False,False,False,False
StoreLogoOverride150x150,604,相对路径(或指向合作伙伴中心文件的 URL),,,,,,,,,,,,,,,
StoreLogoOverride71x71,605,相对路径(或指向合作伙伴中心文件的 URL),,,,,,,,,,,,,,,
PromoImage1920x1080,606,相对路径(或指向合作伙伴中心文件的 URL),,,,,,,,,,,,,,,
PromoImage2400x1200,607,相对路径(或指向合作伙伴中心文件的 URL),,,,,,,,,,,,,,,
XboxBrandedKeyArt584x800,608,相对路径(或指向合作伙伴中心文件的 URL),,,,,,,,,,,,,,,
XboxTitledHero1920x1080,609,相对路径(或指向合作伙伴中心文件的 URL),,,,,,,,,,,,,,,
XboxFeaturedPromo1080x1080,610,相对路径(或指向合作伙伴中心文件的 URL),,,,,,,,,,,,,,,
OptionalPromo358x358,611,相对路径(或指向合作伙伴中心文件的 URL),,,,,,,,,,,,,,,
OptionalPromo1000x800,612,相对路径(或指向合作伙伴中心文件的 URL),,,,,,,,,,,,,,,
OptionalPromo414x180,613,相对路径(或指向合作伙伴中心文件的 URL),,,,,,,,,,,,,,,
Feature1,700,文本,,One-click 9:16 vertical market-animation videos,Svislá tržní animovaná videa 9:16 na jedno kliknutí,Mit einem Klick 9:16-Marktanimationsvideos im Hochformat,Vídeos de animación de mercado 9:16 verticales con un clic,Vidéos d'animation de marché 9:16 verticales en un clic,Video di animazione di mercato verticali 9:16 con un clic,ワンクリックで 9:16 縦型の相場アニメーション動画を作成,원클릭으로 9:16 세로형 시장 애니메이션 영상 제작,Pionowe filmy z animacją rynku 9:16 jednym kliknięciem,Vídeos de animação de mercado verticais 9:16 com um clique,Вертикальные анимационные видео рынка 9:16 одним кликом,Tek tıkla 9:16 dikey piyasa animasyon videoları,一键生成 9:16 竖屏行情动画视频,一鍵生成 9:16 直式行情動畫影片
Feature2,701,文本,,"Three markets: China A-share, Hong Kong, and US","Tři trhy: Čína A, Hongkong a USA","Drei Märkte: China A-Aktien, Hongkong und USA","Tres mercados: China A, Hong Kong y EE. UU.","Trois marchés : Chine A, Hong Kong et États-Unis","Tre mercati: Cina A, Hong Kong e Stati Uniti",中国A株・香港・米国の 3 市場に対応,"중국 A주식, 홍콩, 미국 3개 시장 지원","Trzy rynki: Chiny A, Hongkong i USA","Três mercados: China A, Hong Kong e EUA","Три рынка: Китай (A-акции), Гонконг и США","Üç piyasa: Çin A, Hong Kong ve ABD",覆盖A股、港股、美股三大市场,涵蓋陸股、港股、美股三大市場
Feature3,702,文本,,"Sixteen charts: (1/2) turnover, volume, sector race, market cap, AH premium, return matrix, calendar, DCA","Šestnáct grafů: (1/2) obrat, objem, závod sektorů, závod kapitalizací, prémie A/H, matice výnosů, kalendář, DCA plán","Sechzehn Diagramme: (1/2) Umsatz, Volumen, Sektor-Rennen, Marktkapitalisierungs-Rennen, A/H-Prämie, Renditematrix, Kalender, Sparplan","Dieciséis gráficos: (1/2) volumen negociado, volumen y rotación, carrera de sectores, carrera de capitalización, prima A/H, matriz de rentabilidad, calendario, plan DCA","Seize graphiques : (1/2) volume d'échanges, volume et rotation, course de secteurs, course des capitalisations, prime A/H, matrice des rendements, calendrier, plan DCA","Sedici grafici: (1/2) scambi, volume e rotazione, corsa dei settori, corsa delle capitalizzazioni, premio A/H, matrice dei rendimenti, calendario, piano DCA",16 種類のチャート：売買代金、量価、セクターレース、時価総額レース、A/H プレミアム、リターンマトリクス、カレンダー、積立、保有収益、ローソク足、極端な日、為替コリドー、指数レース、資産クラス、ドローダウン、保有勝率,"16가지 차트: 거래대금, 거래량, 업종 경주, 시가총액 레이스, A/H 프리미엄, 수익 매트릭스, 달력, 적립 투자, 보유 수익, 캔들、극단의 날、환율 코리도、지수 레이스、자산군、낙폭、보유 승률","Szesnaście wykresów: (1/2) obroty, wolumen, wyścig sektorów, wyścig kapitalizacji, premia A/H, macierz stóp zwrotu, kalendarz, plan DCA","Dezesseis gráficos: (1/2) volume financeiro, volume e giro, corrida de setores, corrida de valor de mercado, prêmio A/H, matriz de retorno, calendário, plano DCA","Шестнадцать графиков: (1/2) оборот, объём, гонка секторов, гонка капитализаций, премия A/H, матрица доходности, календарь, план DCA","On altı grafik: (1/2) işlem hacmi, hacim ve devir, sektör yarışı, piyasa değeri yarışı, A/H primi, getiri matrisi, takvim, DCA planı",十六种图表：成交额、量价、板块竞速、市值榜、AH 溢价、收益矩阵、涨跌日历、定投、持仓、K线、极端交易日、汇率走廊、指数长跑、大类资产、回撤与修复、持有胜率,十六種圖表：成交額、量價、板塊競速、市值榜、AH 溢價、收益矩陣、漲跌日曆、定期定額、持倉、K線、極端交易日、匯率走廊、指數長跑、大類資產、回撤與修復、持有勝率
Feature4,703,文本,,"Sixteen charts: (2/2) position replay, candles, Extreme days, Currency corridors, Index race, Asset classes, Drawdowns, Hold odds","Šestnáct grafů: (2/2) výnos pozice, svíčky, Extrémní dny, Měnové koridory, Závod indexů, Třídy aktiv, Poklesy, Úspěšnost","Sechzehn Diagramme: (2/2) Depotrendite, Kerzen, Extreme Tage, Währungskorridore, Index-Rennen, Anlageklassen, Rücksetzer, Haltequote","Dieciséis gráficos: (2/2) rentabilidad de cartera, velas, Días extremos, Corredores de divisas, Carrera de índices, Clases de activos, Caídas, Tasa de acierto","Seize graphiques : (2/2) rendement de position, chandeliers, Jours extrêmes, Couloirs de devises, Course des indices, Classes d'actifs, Reculs, Taux de réussite","Sedici grafici: (2/2) rendimento della posizione, candele, Giorni estremi, Corridoi valutari, Corsa degli indici, Classi di attività, Ribassi, Tasso di riuscita",H.264 MP4 で書き出し、ショート動画プラットフォームにそのまま投稿可能,H.264 MP4로 내보내 숏폼 플랫폼에 바로 게시,"Szesnaście wykresów: (2/2) zwrot z pozycji, świece, Ekstremalne dni, Korytarze walutowe, Wyścig indeksów, Klasy aktywów, Obsunięcia, Skuteczność","Dezesseis gráficos: (2/2) retorno de posição, candles, Dias extremos, Corredores de câmbio, Corrida de índices, Classes de ativos, Quedas, Taxa de acerto","Шестнадцать графиков: (2/2) доходность позиции, свечи, Экстремальные дни, Валютные коридоры, Гонка индексов, Классы активов, Просадки, Доля удачных","On altı grafik: (2/2) pozisyon getirisi, mumlar, Aşırı günler, Döviz koridorları, Endeks yarışı, Varlık sınıfları, Düşüşler, Tutma oranı",导出 H.264 MP4，可直接发布到短视频平台,匯出 H.264 MP4，可直接發布到短影音平台
Feature5,704,文本,,"Exports H.264 MP4, ready for short-video platforms","Export MP4 H.264, připravený pro platformy krátkých videí","Export als H.264-MP4, fertig für Kurzvideo-Plattformen","Exportación a MP4 H.264, lista para plataformas de vídeo corto","Export MP4 H.264, prêt pour les plateformes de vidéos courtes","Esportazione MP4 H.264, pronta per le piattaforme di video brevi",インターフェースは 14 言語内蔵,14개 언어 인터페이스 내장,"Eksport MP4 H.264, gotowy dla platform krótkich filmów","Exporta MP4 H.264, pronto para plataformas de vídeo curto","Экспорт MP4 H.264, готовый для платформ коротких видео","H.264 MP4 dışa aktarma, kısa video platformlarına hazır",界面内置 14 种语言,介面內建 14 種語言
Feature6,705,文本,,Interface available in 14 languages,Rozhraní ve 14 jazycích,Oberfläche in 14 Sprachen,Interfaz disponible en 14 idiomas,Interface disponible en 14 langues,Interfaccia disponibile in 14 lingue,アカウント不要・テレメトリなし — データはあなたの PC の中だけ,"계정 없음, 텔레메트리 없음 — 데이터는 내 컴퓨터에만",Interfejs w 14 językach,Interface disponível em 14 idiomas,Интерфейс на 14 языках,14 dilde arayüz,无账号、无遥测，数据留在你自己的电脑上,無帳號、無遙測，資料留在你自己的電腦上
Feature7,706,文本,,"No account, no telemetry — your data stays on your computer","Bez účtu, bez telemetrie — vaše data zůstávají na vašem počítači","Kein Konto, keine Telemetrie – Ihre Daten bleiben auf Ihrem Computer","Sin cuenta, sin telemetría — sus datos se quedan en su equipo","Pas de compte, pas de télémétrie — vos données restent sur votre ordinateur","Nessun account, nessuna telemetria — i tuoi dati restano sul tuo computer",,,"Bez konta, bez telemetrii — Twoje dane zostają na Twoim komputerze","Sem conta, sem telemetria — seus dados ficam no seu computador","Без аккаунта, без телеметрии — ваши данные остаются на вашем компьютере","Hesap yok, telemetri yok — verileriniz kendi bilgisayarınızda kalır",,
Feature8,707,文本,,,,,,,,,,,,,,,
Feature9,708,文本,,,,,,,,,,,,,,,
Feature10,709,文本,,,,,,,,,,,,,,,
Feature11,710,文本,,,,,,,,,,,,,,,
Feature12,711,文本,,,,,,,,,,,,,,,
Feature13,712,文本,,,,,,,,,,,,,,,
Feature14,713,文本,,,,,,,,,,,,,,,
Feature15,714,文本,,,,,,,,,,,,,,,
Feature16,715,文本,,,,,,,,,,,,,,,
Feature17,716,文本,,,,,,,,,,,,,,,
Feature18,717,文本,,,,,,,,,,,,,,,
Feature19,718,文本,,,,,,,,,,,,,,,
Feature20,719,文本,,,,,,,,,,,,,,,
MinimumHardwareReq1,800,文本,,,,,,,,,,,,,,,
MinimumHardwareReq2,801,文本,,,,,,,,,,,,,,,
MinimumHardwareReq3,802,文本,,,,,,,,,,,,,,,
MinimumHardwareReq4,803,文本,,,,,,,,,,,,,,,
MinimumHardwareReq5,804,文本,,,,,,,,,,,,,,,
MinimumHardwareReq6,805,文本,,,,,,,,,,,,,,,
MinimumHardwareReq7,806,文本,,,,,,,,,,,,,,,
MinimumHardwareReq8,807,文本,,,,,,,,,,,,,,,
MinimumHardwareReq9,808,文本,,,,,,,,,,,,,,,
MinimumHardwareReq10,809,文本,,,,,,,,,,,,,,,
MinimumHardwareReq11,810,文本,,,,,,,,,,,,,,,
RecommendedHardwareReq1,850,文本,,,,,,,,,,,,,,,
RecommendedHardwareReq2,851,文本,,,,,,,,,,,,,,,
RecommendedHardwareReq3,852,文本,,,,,,,,,,,,,,,
RecommendedHardwareReq4,853,文本,,,,,,,,,,,,,,,
RecommendedHardwareReq5,854,文本,,,,,,,,,,,,,,,
RecommendedHardwareReq6,855,文本,,,,,,,,,,,,,,,
RecommendedHardwareReq7,856,文本,,,,,,,,,,,,,,,
RecommendedHardwareReq8,857,文本,,,,,,,,,,,,,,,
RecommendedHardwareReq9,858,文本,,,,,,,,,,,,,,,
RecommendedHardwareReq10,859,文本,,,,,,,,,,,,,,,
RecommendedHardwareReq11,860,文本,,,,,,,,,,,,,,,
SearchTerm1,900,文本,,,,,,,,,,,,,,,
SearchTerm2,901,文本,,,,,,,,,,,,,,,
SearchTerm3,902,文本,,,,,,,,,,,,,,,
SearchTerm4,903,文本,,,,,,,,,,,,,,,
SearchTerm5,904,文本,,,,,,,,,,,,,,,
SearchTerm6,905,文本,,,,,,,,,,,,,,,
SearchTerm7,906,文本,,,,,,,,,,,,,,,
TrailerToPlayAtTopOfListing,999,相对路径(或指向合作伙伴中心文件的 URL),,,,,,,,,,,,,,,
Trailer1,1000,相对路径(或指向合作伙伴中心文件的 URL),,,,,,,,,,,,,,,
Trailer2,1001,相对路径(或指向合作伙伴中心文件的 URL),,,,,,,,,,,,,,,
Trailer3,1002,相对路径(或指向合作伙伴中心文件的 URL),,,,,,,,,,,,,,,
Trailer4,1003,相对路径(或指向合作伙伴中心文件的 URL),,,,,,,,,,,,,,,
Trailer5,1004,相对路径(或指向合作伙伴中心文件的 URL),,,,,,,,,,,,,,,
Trailer6,1005,相对路径(或指向合作伙伴中心文件的 URL),,,,,,,,,,,,,,,
Trailer7,1006,相对路径(或指向合作伙伴中心文件的 URL),,,,,,,,,,,,,,,
Trailer8,1007,相对路径(或指向合作伙伴中心文件的 URL),,,,,,,,,,,,,,,
Trailer9,1008,相对路径(或指向合作伙伴中心文件的 URL),,,,,,,,,,,,,,,
Trailer10,1009,相对路径(或指向合作伙伴中心文件的 URL),,,,,,,,,,,,,,,
Trailer11,1010,相对路径(或指向合作伙伴中心文件的 URL),,,,,,,,,,,,,,,
Trailer12,1011,相对路径(或指向合作伙伴中心文件的 URL),,,,,,,,,,,,,,,
Trailer13,1012,相对路径(或指向合作伙伴中心文件的 URL),,,,,,,,,,,,,,,
Trailer14,1013,相对路径(或指向合作伙伴中心文件的 URL),,,,,,,,,,,,,,,
Trailer15,1014,相对路径(或指向合作伙伴中心文件的 URL),,,,,,,,,,,,,,,
TrailerTitle1,1020,文本,,,,,,,,,,,,,,,
TrailerTitle2,1021,文本,,,,,,,,,,,,,,,
TrailerTitle3,1022,文本,,,,,,,,,,,,,,,
TrailerTitle4,1023,文本,,,,,,,,,,,,,,,
TrailerTitle5,1024,文本,,,,,,,,,,,,,,,
TrailerTitle6,1025,文本,,,,,,,,,,,,,,,
TrailerTitle7,1026,文本,,,,,,,,,,,,,,,
TrailerTitle8,1027,文本,,,,,,,,,,,,,,,
TrailerTitle9,1028,文本,,,,,,,,,,,,,,,
TrailerTitle10,1029,文本,,,,,,,,,,,,,,,
TrailerTitle11,1030,文本,,,,,,,,,,,,,,,
TrailerTitle12,1031,文本,,,,,,,,,,,,,,,
TrailerTitle13,1032,文本,,,,,,,,,,,,,,,
TrailerTitle14,1033,文本,,,,,,,,,,,,,,,
TrailerTitle15,1034,文本,,,,,,,,,,,,,,,
TrailerThumbnail1,1040,相对路径(或指向合作伙伴中心文件的 URL),,,,,,,,,,,,,,,
TrailerThumbnail2,1041,相对路径(或指向合作伙伴中心文件的 URL),,,,,,,,,,,,,,,
TrailerThumbnail3,1042,相对路径(或指向合作伙伴中心文件的 URL),,,,,,,,,,,,,,,
TrailerThumbnail4,1043,相对路径(或指向合作伙伴中心文件的 URL),,,,,,,,,,,,,,,
TrailerThumbnail5,1044,相对路径(或指向合作伙伴中心文件的 URL),,,,,,,,,,,,,,,
TrailerThumbnail6,1045,相对路径(或指向合作伙伴中心文件的 URL),,,,,,,,,,,,,,,
TrailerThumbnail7,1046,相对路径(或指向合作伙伴中心文件的 URL),,,,,,,,,,,,,,,
TrailerThumbnail8,1047,相对路径(或指向合作伙伴中心文件的 URL),,,,,,,,,,,,,,,
TrailerThumbnail9,1048,相对路径(或指向合作伙伴中心文件的 URL),,,,,,,,,,,,,,,
TrailerThumbnail10,1049,相对路径(或指向合作伙伴中心文件的 URL),,,,,,,,,,,,,,,
TrailerThumbnail11,1050,相对路径(或指向合作伙伴中心文件的 URL),,,,,,,,,,,,,,,
TrailerThumbnail12,1051,相对路径(或指向合作伙伴中心文件的 URL),,,,,,,,,,,,,,,
TrailerThumbnail13,1052,相对路径(或指向合作伙伴中心文件的 URL),,,,,,,,,,,,,,,
TrailerThumbnail14,1053,相对路径(或指向合作伙伴中心文件的 URL),,,,,,,,,,,,,,,
TrailerThumbnail15,1054,相对路径(或指向合作伙伴中心文件的 URL),,,,,,,,,,,,,,,
TrailerClosedCaption1,1055,相对路径(或指向合作伙伴中心文件的 URL),,,,,,,,,,,,,,,
TrailerClosedCaption2,1056,相对路径(或指向合作伙伴中心文件的 URL),,,,,,,,,,,,,,,
TrailerClosedCaption3,1057,相对路径(或指向合作伙伴中心文件的 URL),,,,,,,,,,,,,,,
TrailerClosedCaption4,1058,相对路径(或指向合作伙伴中心文件的 URL),,,,,,,,,,,,,,,
TrailerClosedCaption5,1059,相对路径(或指向合作伙伴中心文件的 URL),,,,,,,,,,,,,,,
TrailerClosedCaption6,1060,相对路径(或指向合作伙伴中心文件的 URL),,,,,,,,,,,,,,,
TrailerClosedCaption7,1061,相对路径(或指向合作伙伴中心文件的 URL),,,,,,,,,,,,,,,
TrailerClosedCaption8,1062,相对路径(或指向合作伙伴中心文件的 URL),,,,,,,,,,,,,,,
TrailerClosedCaption9,1063,相对路径(或指向合作伙伴中心文件的 URL),,,,,,,,,,,,,,,
TrailerClosedCaption10,1064,相对路径(或指向合作伙伴中心文件的 URL),,,,,,,,,,,,,,,
TrailerClosedCaption11,1065,相对路径(或指向合作伙伴中心文件的 URL),,,,,,,,,,,,,,,
TrailerClosedCaption12,1066,相对路径(或指向合作伙伴中心文件的 URL),,,,,,,,,,,,,,,
TrailerClosedCaption13,1067,相对路径(或指向合作伙伴中心文件的 URL),,,,,,,,,,,,,,,
TrailerClosedCaption14,1068,相对路径(或指向合作伙伴中心文件的 URL),,,,,,,,,,,,,,,
TrailerClosedCaption15,1069,相对路径(或指向合作伙伴中心文件的 URL),,,,,,,,,,,,,,,
TrailerAudioDescription1,1070,相对路径(或指向合作伙伴中心文件的 URL),,,,,,,,,,,,,,,
TrailerAudioDescription2,1071,相对路径(或指向合作伙伴中心文件的 URL),,,,,,,,,,,,,,,
TrailerAudioDescription3,1072,相对路径(或指向合作伙伴中心文件的 URL),,,,,,,,,,,,,,,
TrailerAudioDescription4,1073,相对路径(或指向合作伙伴中心文件的 URL),,,,,,,,,,,,,,,
TrailerAudioDescription5,1074,相对路径(或指向合作伙伴中心文件的 URL),,,,,,,,,,,,,,,
TrailerAudioDescription6,1075,相对路径(或指向合作伙伴中心文件的 URL),,,,,,,,,,,,,,,
TrailerAudioDescription7,1076,相对路径(或指向合作伙伴中心文件的 URL),,,,,,,,,,,,,,,
TrailerAudioDescription8,1077,相对路径(或指向合作伙伴中心文件的 URL),,,,,,,,,,,,,,,
TrailerAudioDescription9,1078,相对路径(或指向合作伙伴中心文件的 URL),,,,,,,,,,,,,,,
TrailerAudioDescription10,1079,相对路径(或指向合作伙伴中心文件的 URL),,,,,,,,,,,,,,,
TrailerAudioDescription11,1080,相对路径(或指向合作伙伴中心文件的 URL),,,,,,,,,,,,,,,
TrailerAudioDescription12,1081,相对路径(或指向合作伙伴中心文件的 URL),,,,,,,,,,,,,,,
TrailerAudioDescription13,1082,相对路径(或指向合作伙伴中心文件的 URL),,,,,,,,,,,,,,,
TrailerAudioDescription14,1083,相对路径(或指向合作伙伴中心文件的 URL),,,,,,,,,,,,,,,
TrailerAudioDescription15,1084,相对路径(或指向合作伙伴中心文件的 URL),,,,,,,,,,,,,,,
,,,,,,,,,,,,,,,,,
,,,,,,,,,,,,,,,,,
,,,,,,,,,,,,,,,,,
,,,,,,,,,,,,,,,,,
,,,,,,,,,,,,,,,,,
,,,,,,,,,,,,,,,,,
,,,,,,,,,,,,,,,,,
,,,,,,,,,,,,,,,,,
,,,,,,,,,,,,,,,,,
,,,,,,,,,,,,,,,,,
,,,,,,,,,,,,,,,,,
,,,,,,,,,,,,,,,,,
,,,,,,,,,,,,,,,,,
,,,,,,,,,,,,,,,,,
,,,,,,,,,,,,,,,,,
,,,,,,,,,,,,,,,,,
,,,,,,,,,,,,,,,,,
,,,,,,,,,,,,,,,,,
,,,,,,,,,,,,,,,,,
,,,,,,,,,,,,,,,,,
,,,,,,,,,,,,,,,,,
,,,,,,,,,,,,,,,,,
,,,,,,,,,,,,,,,,,
,,,,,,,,,,,,,,,,,
